codigo_cid,condicao_nome,principio_ativo,fonte,status_curadoria,validado_por,versao,exaustivo
I10,Hipertensão arterial,hidroclorotiazida,"RENAME 2024 (p. 45, 138) + Diretrizes Brasileiras de HAS 2020 (SBC/SBH/SBN)",validado,Fabiano Tonaco Borges,semaforo_i10_exaustiva_v2_2026-09,true
I10,Hipertensão arterial,furosemida,"RENAME 2024 (p. 44, 137) + Diretrizes Brasileiras de HAS 2020 (SBC/SBH/SBN)",validado,Fabiano Tonaco Borges,semaforo_i10_exaustiva_v2_2026-09,true
I10,Hipertensão arterial,espironolactona,"RENAME 2024 (p. 44, 135) + Diretrizes Brasileiras de HAS 2020 (SBC/SBH/SBN)",validado,Fabiano Tonaco Borges,semaforo_i10_exaustiva_v2_2026-09,true
I10,Hipertensão arterial,captopril,"RENAME 2024 (p. 42, 128) + Diretrizes Brasileiras de HAS 2020 (SBC/SBH/SBN)",validado,Fabiano Tonaco Borges,semaforo_i10_exaustiva_v2_2026-09,true
I10,Hipertensão arterial,enalapril,"RENAME 2024 (p. 45, 140) + Diretrizes Brasileiras de HAS 2020 (SBC/SBH/SBN)",validado,Fabiano Tonaco Borges,semaforo_i10_exaustiva_v2_2026-09,true
I10,Hipertensão arterial,losartana,"RENAME 2024 (p. 45, 140) + Diretrizes Brasileiras de HAS 2020 (SBC/SBH/SBN)",validado,Fabiano Tonaco Borges,semaforo_i10_exaustiva_v2_2026-09,true
I10,Hipertensão arterial,valsartana,"RENAME 2024 (p. 46, 212) + Diretrizes Brasileiras de HAS 2020 (SBC/SBH/SBN)",validado,Fabiano Tonaco Borges,semaforo_i10_exaustiva_v2_2026-09,true
I10,Hipertensão arterial,anlodipino,"RENAME 2024 (p. 41, 127) + Diretrizes Brasileiras de HAS 2020 (SBC/SBH/SBN)",validado,Fabiano Tonaco Borges,semaforo_i10_exaustiva_v2_2026-09,true
I10,Hipertensão arterial,nifedipino,"RENAME 2024 (p. 45, 141) + Diretrizes Brasileiras de HAS 2020 (SBC/SBH/SBN)",validado,Fabiano Tonaco Borges,semaforo_i10_exaustiva_v2_2026-09,true
I10,Hipertensão arterial,verapamil,"RENAME 2024 (p. 43, 133) + Diretrizes Brasileiras de HAS 2020 (SBC/SBH/SBN)",validado,Fabiano Tonaco Borges,semaforo_i10_exaustiva_v2_2026-09,true
I10,Hipertensão arterial,atenolol,"RENAME 2024 (p. 41, 126) + Diretrizes Brasileiras de HAS 2020 (SBC/SBH/SBN)",validado,Fabiano Tonaco Borges,semaforo_i10_exaustiva_v2_2026-09,true
I10,Hipertensão arterial,propranolol,"RENAME 2024 (p. 43, 133) + Diretrizes Brasileiras de HAS 2020 (SBC/SBH/SBN)",validado,Fabiano Tonaco Borges,semaforo_i10_exaustiva_v2_2026-09,true
I10,Hipertensão arterial,metoprolol,"RENAME 2024 (p. 46, 144) + Diretrizes Brasileiras de HAS 2020 (SBC/SBH/SBN)",validado,Fabiano Tonaco Borges,semaforo_i10_exaustiva_v2_2026-09,true
I10,Hipertensão arterial,carvedilol,"RENAME 2024 (p. 42, 128) + Diretrizes Brasileiras de HAS 2020 (SBC/SBH/SBN)",validado,Fabiano Tonaco Borges,semaforo_i10_exaustiva_v2_2026-09,true
I10,Hipertensão arterial,metildopa,"RENAME 2024 (p. 45, 141) + Diretrizes Brasileiras de HAS 2020 (SBC/SBH/SBN)",validado,Fabiano Tonaco Borges,semaforo_i10_exaustiva_v2_2026-09,true
I10,Hipertensão arterial,hidralazina,"RENAME 2024 (p. 43, 131) + Diretrizes Brasileiras de HAS 2020 (SBC/SBH/SBN)",validado,Fabiano Tonaco Borges,semaforo_i10_exaustiva_v2_2026-09,true
I10,Hipertensão arterial,doxazosina,"RENAME 2024 (p. 45, 141) + Diretrizes Brasileiras de HAS 2020 (SBC/SBH/SBN)",validado,Fabiano Tonaco Borges,semaforo_i10_exaustiva_v2_2026-09,true
E11,Diabetes mellitus tipo 2,metformina,"PCDT DM2 2026 (Port. SCTIE/MS 13/2026, Quadros 15/18) + RENAME 2024",validado,Fabiano Tonaco Borges,semaforo_e11_exaustiva_v1_2026-08,true
E11,Diabetes mellitus tipo 2,glibenclamida,"PCDT DM2 2026 (Port. SCTIE/MS 13/2026, Quadros 15/18) + RENAME 2024",validado,Fabiano Tonaco Borges,semaforo_e11_exaustiva_v1_2026-08,true
E11,Diabetes mellitus tipo 2,gliclazida,"PCDT DM2 2026 (Port. SCTIE/MS 13/2026, Quadros 15/18) + RENAME 2024",validado,Fabiano Tonaco Borges,semaforo_e11_exaustiva_v1_2026-08,true
E11,Diabetes mellitus tipo 2,dapagliflozina,"PCDT DM2 2026 (Port. SCTIE/MS 13/2026, Quadros 15/18) + RENAME 2024",validado,Fabiano Tonaco Borges,semaforo_e11_exaustiva_v1_2026-08,true
E11,Diabetes mellitus tipo 2,insulina NPH,"PCDT DM2 2026 (Port. SCTIE/MS 13/2026, Quadros 15/18) + RENAME 2024",validado,Fabiano Tonaco Borges,semaforo_e11_exaustiva_v1_2026-08,true
E11,Diabetes mellitus tipo 2,insulina humana NPH,"PCDT DM2 2026 (Port. SCTIE/MS 13/2026, Quadros 15/18) + RENAME 2024",validado,Fabiano Tonaco Borges,semaforo_e11_exaustiva_v1_2026-08,true
E11,Diabetes mellitus tipo 2,insulina humana regular,"PCDT DM2 2026 (Port. SCTIE/MS 13/2026, Quadros 15/18) + RENAME 2024",validado,Fabiano Tonaco Borges,semaforo_e11_exaustiva_v1_2026-08,true
E11,Diabetes mellitus tipo 2,insulina regular,"PCDT DM2 2026 (Port. SCTIE/MS 13/2026, Quadros 15/18) + RENAME 2024",validado,Fabiano Tonaco Borges,semaforo_e11_exaustiva_v1_2026-08,true
E11,Diabetes mellitus tipo 2,insulina análoga de ação rápida,"PCDT DM2 2026 (Port. SCTIE/MS 13/2026, Quadros 15/18) + RENAME 2024",validado,Fabiano Tonaco Borges,semaforo_e11_exaustiva_v1_2026-08,true
E11,Diabetes mellitus tipo 2,insulina asparte,"PCDT DM2 2026 (Port. SCTIE/MS 13/2026, Quadros 15/18) + RENAME 2024",validado,Fabiano Tonaco Borges,semaforo_e11_exaustiva_v1_2026-08,true
E11,Diabetes mellitus tipo 2,insulina lispro,"PCDT DM2 2026 (Port. SCTIE/MS 13/2026, Quadros 15/18) + RENAME 2024",validado,Fabiano Tonaco Borges,semaforo_e11_exaustiva_v1_2026-08,true
E11,Diabetes mellitus tipo 2,insulina glulisina,"PCDT DM2 2026 (Port. SCTIE/MS 13/2026, Quadros 15/18) + RENAME 2024",validado,Fabiano Tonaco Borges,semaforo_e11_exaustiva_v1_2026-08,true
E11,Diabetes mellitus tipo 2,insulina análoga de ação prolongada,"PCDT DM2 2026 (Port. SCTIE/MS 13/2026, Quadros 15/18) + RENAME 2024",validado,Fabiano Tonaco Borges,semaforo_e11_exaustiva_v1_2026-08,true
E11,Diabetes mellitus tipo 2,insulina glargina,"PCDT DM2 2026 (Port. SCTIE/MS 13/2026, Quadros 15/18) + RENAME 2024",validado,Fabiano Tonaco Borges,semaforo_e11_exaustiva_v1_2026-08,true
E11,Diabetes mellitus tipo 2,insulina degludeca,"PCDT DM2 2026 (Port. SCTIE/MS 13/2026, Quadros 15/18) + RENAME 2024",validado,Fabiano Tonaco Borges,semaforo_e11_exaustiva_v1_2026-08,true
J45,Asma,salbutamol,"PCDT Asma 2026 (Port. Conjunta SAES/SCTIE 43/2026, §7.4.1, p. 37-41)",validado,Fabiano Tonaco Borges,semaforo_j45_exaustiva_v1_2026-08,true
J45,Asma,beclometasona,"PCDT Asma 2026 (Port. Conjunta SAES/SCTIE 43/2026, §7.4.1, p. 37-41)",validado,Fabiano Tonaco Borges,semaforo_j45_exaustiva_v1_2026-08,true
J45,Asma,budesonida,"PCDT Asma 2026 (Port. Conjunta SAES/SCTIE 43/2026, §7.4.1, p. 37-41)",validado,Fabiano Tonaco Borges,semaforo_j45_exaustiva_v1_2026-08,true
J45,Asma,fenoterol,"PCDT Asma 2026 (Port. Conjunta SAES/SCTIE 43/2026, §7.4.1, p. 37-41)",validado,Fabiano Tonaco Borges,semaforo_j45_exaustiva_v1_2026-08,true
J45,Asma,prednisona,"PCDT Asma 2026 (Port. Conjunta SAES/SCTIE 43/2026, §7.4.1, p. 37-41)",validado,Fabiano Tonaco Borges,semaforo_j45_exaustiva_v1_2026-08,true
J45,Asma,prednisolona,"PCDT Asma 2026 (Port. Conjunta SAES/SCTIE 43/2026, §7.4.1, p. 37-41)",validado,Fabiano Tonaco Borges,semaforo_j45_exaustiva_v1_2026-08,true
J45,Asma,formoterol + budesonida,"PCDT Asma 2026 (Port. Conjunta SAES/SCTIE 43/2026, §7.4.1, p. 37-41)",validado,Fabiano Tonaco Borges,semaforo_j45_exaustiva_v1_2026-08,true
J45,Asma,mepolizumabe,"PCDT Asma 2026 (Port. Conjunta SAES/SCTIE 43/2026, §7.4.1, p. 37-41)",validado,Fabiano Tonaco Borges,semaforo_j45_exaustiva_v1_2026-08,true
J45,Asma,omalizumabe,"PCDT Asma 2026 (Port. Conjunta SAES/SCTIE 43/2026, §7.4.1, p. 37-41)",validado,Fabiano Tonaco Borges,semaforo_j45_exaustiva_v1_2026-08,true
J45,Asma,benralizumabe,"PCDT Asma 2026 (Port. Conjunta SAES/SCTIE 43/2026, §7.4.1, p. 37-41)",validado,Fabiano Tonaco Borges,semaforo_j45_exaustiva_v1_2026-08,true
J45,Asma,dupilumabe,"PCDT Asma 2026 (Port. Conjunta SAES/SCTIE 43/2026, §7.4.1, p. 37-41)",validado,Fabiano Tonaco Borges,semaforo_j45_exaustiva_v1_2026-08,true
F32,Depressão,fluoxetina,"RENAME 2024 (p. 95, 131)",validado,Fabiano Tonaco Borges,semaforo_f32_exaustiva_v1_2026-09,true
F32,Depressão,clomipramina,"RENAME 2024 (p. 95, 130)",validado,Fabiano Tonaco Borges,semaforo_f32_exaustiva_v1_2026-09,true
F32,Depressão,amitriptilina,"RENAME 2024 (p. 94, 130)",validado,Fabiano Tonaco Borges,semaforo_f32_exaustiva_v1_2026-09,true
F32,Depressão,nortriptilina,"RENAME 2024 (p. 97, 132)",validado,Fabiano Tonaco Borges,semaforo_f32_exaustiva_v1_2026-09,true
F32,Depressão,bupropiona,"RENAME 2024 (p. 95 — ATC N06AX12, componente Estratégico)",validado,Fabiano Tonaco Borges,semaforo_f32_exaustiva_v1_2026-09,true
N39.0,Infecção do trato urinário (ITU),nitrofurantoína,"RENAME 2024 (p. 71, 142) + RAMB 2003 (p. 5-7)",validado,Fabiano Tonaco Borges,semaforo_n39_exaustiva_v1_2026-09,true
N39.0,Infecção do trato urinário (ITU),fosfomicina,"RAMB 2003 (p. 5) — NÃO consta da RENAME 2024 (ausência declarada por decisão do Fabiano, 02/09)",validado,Fabiano Tonaco Borges,semaforo_n39_exaustiva_v1_2026-09,true
N39.0,Infecção do trato urinário (ITU),cefalexina,"RENAME 2024 (p. 61, 129) + RAMB 2003 (p. 5-6)",validado,Fabiano Tonaco Borges,semaforo_n39_exaustiva_v1_2026-09,true
N39.0,Infecção do trato urinário (ITU),amoxicilina,"RENAME 2024 (p. 58, 126) + RAMB 2003 (p. 5)",validado,Fabiano Tonaco Borges,semaforo_n39_exaustiva_v1_2026-09,true
N39.0,Infecção do trato urinário (ITU),amoxicilina + clavulanato de potássio,"RENAME 2024 (p. 58, 126)",validado,Fabiano Tonaco Borges,semaforo_n39_exaustiva_v1_2026-09,true
N39.0,Infecção do trato urinário (ITU),sulfametoxazol + trimetoprima,"RENAME 2024 (p. 77, 144) + RAMB 2003 (p. 5, 8)",validado,Fabiano Tonaco Borges,semaforo_n39_exaustiva_v1_2026-09,true
N39.0,Infecção do trato urinário (ITU),ciprofloxacino,"RENAME 2024 (p. 61, 129) — reserva (AWaRe Watch)",validado,Fabiano Tonaco Borges,semaforo_n39_exaustiva_v1_2026-09,true
N39.0,Infecção do trato urinário (ITU),levofloxacino,"RENAME 2024 (p. 70, 153) — reserva (AWaRe Watch)",validado,Fabiano Tonaco Borges,semaforo_n39_exaustiva_v1_2026-09,true
E03,Hipotireoidismo,levotiroxina,RENAME/PCDT (APS),validado,Fabiano Tonaco Borges,semaforo_seed_v1_2026-06,false
K21,Refluxo gastroesofágico (DRGE),omeprazol,RENAME/PCDT (APS),validado,Fabiano Tonaco Borges,semaforo_seed_v1_2026-06,false
K21,Refluxo gastroesofágico (DRGE),pantoprazol,RENAME/PCDT (APS),validado,Fabiano Tonaco Borges,semaforo_seed_v1_2026-06,false
J44,Outras doenças pulmonares obstrutivas crônicas,salbutamol,"PCDT DPOC 2025 (Port. Conjunta SAES/SCTIE 29/2025, p. 15-22) + RENAME 2024 (RENAME 2024 p. 111, 144)",validado,Fabiano Tonaco Borges,semaforo_j44_exaustiva_v1_2026-09,true
J44,Outras doenças pulmonares obstrutivas crônicas,ipratrópio,"PCDT DPOC 2025 (Port. Conjunta SAES/SCTIE 29/2025, p. 15-22) + RENAME 2024 (RENAME 2024 p. 107, 127)",validado,Fabiano Tonaco Borges,semaforo_j44_exaustiva_v1_2026-09,true
J44,Outras doenças pulmonares obstrutivas crônicas,tiotrópio,"PCDT DPOC 2025 (Port. Conjunta SAES/SCTIE 29/2025, p. 15-22) + RENAME 2024 (RENAME 2024 p. 107, 173)",validado,Fabiano Tonaco Borges,semaforo_j44_exaustiva_v1_2026-09,true
J44,Outras doenças pulmonares obstrutivas crônicas,formoterol,"PCDT DPOC 2025 (Port. Conjunta SAES/SCTIE 29/2025, p. 15-22) + RENAME 2024 (RENAME 2024 p. 110, 192)",validado,Fabiano Tonaco Borges,semaforo_j44_exaustiva_v1_2026-09,true
J44,Outras doenças pulmonares obstrutivas crônicas,budesonida,"PCDT DPOC 2025 (Port. Conjunta SAES/SCTIE 29/2025, p. 15-22) + RENAME 2024 (RENAME 2024 p. 107-108)",validado,Fabiano Tonaco Borges,semaforo_j44_exaustiva_v1_2026-09,true
J44,Outras doenças pulmonares obstrutivas crônicas,formoterol + budesonida,"PCDT DPOC 2025 (Port. Conjunta SAES/SCTIE 29/2025, p. 15-22) + RENAME 2024 (RENAME 2024 (apresentações combinadas))",validado,Fabiano Tonaco Borges,semaforo_j44_exaustiva_v1_2026-09,true
J44,Outras doenças pulmonares obstrutivas crônicas,prednisona,"PCDT DPOC 2025 (Port. Conjunta SAES/SCTIE 29/2025, p. 15-22) + RENAME 2024 (RENAME 2024 p. 56, 143)",validado,Fabiano Tonaco Borges,semaforo_j44_exaustiva_v1_2026-09,true
J44,Outras doenças pulmonares obstrutivas crônicas,umeclidínio,"PCDT DPOC 2025 (Port. Conjunta SAES/SCTIE 29/2025, p. 15-22) + RENAME 2024 (RENAME 2024 p. 107, 174)",validado,Fabiano Tonaco Borges,semaforo_j44_exaustiva_v1_2026-09,true
I50,Insuficiência cardíaca,sacubitril + valsartana,"PCDT Insuficiência Cardíaca 2024 (Port. Conjunta SAES/SECTICS 10/2024, Quadro 5, p. 16) + RENAME 2024 (RENAME 2024 p. 46, 212)",validado,Fabiano Tonaco Borges,semaforo_i50_exaustiva_v1_2026-09,true
I50,Insuficiência cardíaca,enalapril,"PCDT Insuficiência Cardíaca 2024 (Port. Conjunta SAES/SECTICS 10/2024, Quadro 5, p. 16) + RENAME 2024 (RENAME 2024 p. 45, 140)",validado,Fabiano Tonaco Borges,semaforo_i50_exaustiva_v1_2026-09,true
I50,Insuficiência cardíaca,captopril,"PCDT Insuficiência Cardíaca 2024 (Port. Conjunta SAES/SECTICS 10/2024, Quadro 5, p. 16) + RENAME 2024 (RENAME 2024 p. 42, 128)",validado,Fabiano Tonaco Borges,semaforo_i50_exaustiva_v1_2026-09,true
I50,Insuficiência cardíaca,losartana,"PCDT Insuficiência Cardíaca 2024 (Port. Conjunta SAES/SECTICS 10/2024, Quadro 5, p. 16) + RENAME 2024 (RENAME 2024 p. 45, 140)",validado,Fabiano Tonaco Borges,semaforo_i50_exaustiva_v1_2026-09,true
I50,Insuficiência cardíaca,espironolactona,"PCDT Insuficiência Cardíaca 2024 (Port. Conjunta SAES/SECTICS 10/2024, Quadro 5, p. 16) + RENAME 2024 (RENAME 2024 p. 44, 135)",validado,Fabiano Tonaco Borges,semaforo_i50_exaustiva_v1_2026-09,true
I50,Insuficiência cardíaca,furosemida,"PCDT Insuficiência Cardíaca 2024 (Port. Conjunta SAES/SECTICS 10/2024, Quadro 5, p. 16) + RENAME 2024 (RENAME 2024 p. 44, 137)",validado,Fabiano Tonaco Borges,semaforo_i50_exaustiva_v1_2026-09,true
I50,Insuficiência cardíaca,hidroclorotiazida,"PCDT Insuficiência Cardíaca 2024 (Port. Conjunta SAES/SECTICS 10/2024, Quadro 5, p. 16) + RENAME 2024 (RENAME 2024 p. 45, 138)",validado,Fabiano Tonaco Borges,semaforo_i50_exaustiva_v1_2026-09,true
I50,Insuficiência cardíaca,carvedilol,"PCDT Insuficiência Cardíaca 2024 (Port. Conjunta SAES/SECTICS 10/2024, Quadro 5, p. 16) + RENAME 2024 (RENAME 2024 p. 42, 128)",validado,Fabiano Tonaco Borges,semaforo_i50_exaustiva_v1_2026-09,true
I50,Insuficiência cardíaca,metoprolol,"PCDT Insuficiência Cardíaca 2024 (Port. Conjunta SAES/SECTICS 10/2024, Quadro 5, p. 16) + RENAME 2024 (RENAME 2024 p. 46, 144)",validado,Fabiano Tonaco Borges,semaforo_i50_exaustiva_v1_2026-09,true
I50,Insuficiência cardíaca,digoxina,"PCDT Insuficiência Cardíaca 2024 (Port. Conjunta SAES/SECTICS 10/2024, Quadro 5, p. 16) + RENAME 2024 (RENAME 2024 p. 43, 134)",validado,Fabiano Tonaco Borges,semaforo_i50_exaustiva_v1_2026-09,true
I50,Insuficiência cardíaca,hidralazina,"PCDT Insuficiência Cardíaca 2024 (Port. Conjunta SAES/SECTICS 10/2024, Quadro 5, p. 16) + RENAME 2024 (RENAME 2024 p. 43, 131)",validado,Fabiano Tonaco Borges,semaforo_i50_exaustiva_v1_2026-09,true
I50,Insuficiência cardíaca,isossorbida,"PCDT Insuficiência Cardíaca 2024 (Port. Conjunta SAES/SECTICS 10/2024, Quadro 5, p. 16) + RENAME 2024 (RENAME 2024 p. 44-45)",validado,Fabiano Tonaco Borges,semaforo_i50_exaustiva_v1_2026-09,true
I50,Insuficiência cardíaca,dapagliflozina,"PCDT Insuficiência Cardíaca 2024 (Port. Conjunta SAES/SECTICS 10/2024, Quadro 5, p. 16) + RENAME 2024 (RENAME 2024 p. 29, 187)",validado,Fabiano Tonaco Borges,semaforo_i50_exaustiva_v1_2026-09,true
F41,Transtornos ansiosos,clonazepam,"AMB/CFM Transtornos de Ansiedade 2008 (pânico, 3ª linha, p. 6, 9) + RENAME 2024 (p. 94, 130)",validado,Fabiano Tonaco Borges,semaforo_f41_exaustiva_v1_2026-09,true
F41,Transtornos ansiosos,clomipramina,"AMB/CFM Transtornos de Ansiedade 2008 (pânico, 2ª linha, p. 5, 9) + RENAME 2024 (p. 95, 130)",validado,Fabiano Tonaco Borges,semaforo_f41_exaustiva_v1_2026-09,true
A30,Hanseníase,rifampicina,"PCDT Hanseníase 2022 (Port. SCTIE 67/2022, Quadro 1 p. 34-35; reações p. 36-38; Quadros 4-6 p. 52-53) + RENAME 2024",validado,Fabiano Tonaco Borges,semaforo_a30_exaustiva_v1_2026-09,true
A30,Hanseníase,clofazimina,"PCDT Hanseníase 2022 (Port. SCTIE 67/2022, Quadro 1 p. 34-35; reações p. 36-38; Quadros 4-6 p. 52-53) + RENAME 2024",validado,Fabiano Tonaco Borges,semaforo_a30_exaustiva_v1_2026-09,true
A30,Hanseníase,dapsona,"PCDT Hanseníase 2022 (Port. SCTIE 67/2022, Quadro 1 p. 34-35; reações p. 36-38; Quadros 4-6 p. 52-53) + RENAME 2024",validado,Fabiano Tonaco Borges,semaforo_a30_exaustiva_v1_2026-09,true
A30,Hanseníase,prednisona,"PCDT Hanseníase 2022 (Port. SCTIE 67/2022, Quadro 1 p. 34-35; reações p. 36-38; Quadros 4-6 p. 52-53) + RENAME 2024",validado,Fabiano Tonaco Borges,semaforo_a30_exaustiva_v1_2026-09,true
A30,Hanseníase,talidomida,"PCDT Hanseníase 2022 (Port. SCTIE 67/2022, Quadro 1 p. 34-35; reações p. 36-38; Quadros 4-6 p. 52-53) + RENAME 2024",validado,Fabiano Tonaco Borges,semaforo_a30_exaustiva_v1_2026-09,true
A30,Hanseníase,pentoxifilina,"PCDT Hanseníase 2022 (Port. SCTIE 67/2022, Quadro 1 p. 34-35; reações p. 36-38; Quadros 4-6 p. 52-53) + RENAME 2024",validado,Fabiano Tonaco Borges,semaforo_a30_exaustiva_v1_2026-09,true
A30,Hanseníase,ofloxacino,"PCDT Hanseníase 2022 (Port. SCTIE 67/2022, Quadro 1 p. 34-35; reações p. 36-38; Quadros 4-6 p. 52-53) + RENAME 2024",validado,Fabiano Tonaco Borges,semaforo_a30_exaustiva_v1_2026-09,true
A30,Hanseníase,minociclina,"PCDT Hanseníase 2022 (Port. SCTIE 67/2022, Quadro 1 p. 34-35; reações p. 36-38; Quadros 4-6 p. 52-53) + RENAME 2024",validado,Fabiano Tonaco Borges,semaforo_a30_exaustiva_v1_2026-09,true
A30,Hanseníase,claritromicina,"PCDT Hanseníase 2022 (Port. SCTIE 67/2022, Quadro 1 p. 34-35; reações p. 36-38; Quadros 4-6 p. 52-53) + RENAME 2024",validado,Fabiano Tonaco Borges,semaforo_a30_exaustiva_v1_2026-09,true
D50,Anemia por deficiência de ferro,sulfato ferroso,"PCDT Anemia Ferropriva 2014 (Port. SAS/MS 1247/2014, item 8.3 p. 10) + RENAME 2024",validado,Fabiano Tonaco Borges,semaforo_d50_v1_2026-09,true
D50,Anemia por deficiência de ferro,sacarato de hidróxido férrico,"PCDT Anemia Ferropriva 2014 (Port. SAS/MS 1247/2014, item 8.3 p. 10) + RENAME 2024",validado,Fabiano Tonaco Borges,semaforo_d50_v1_2026-09,true
D57,Doença falciforme,hidroxiureia,"PCDT Doença Falciforme 2024 (Port. Conjunta SAES/SECTICS 16/2024, TECI p. 40 + itens 7.3.7/7.3.8 p. 17-19) + RENAME 2024",validado,Fabiano Tonaco Borges,semaforo_d57_v1_2026-09,true
D57,Doença falciforme,ácido fólico,"PCDT Doença Falciforme 2024 (Port. Conjunta SAES/SECTICS 16/2024, TECI p. 40 + itens 7.3.7/7.3.8 p. 17-19) + RENAME 2024",validado,Fabiano Tonaco Borges,semaforo_d57_v1_2026-09,true
D57,Doença falciforme,fenoximetilpenicilina,"PCDT Doença Falciforme 2024 (Port. Conjunta SAES/SECTICS 16/2024, TECI p. 40 + itens 7.3.7/7.3.8 p. 17-19) + RENAME 2024",validado,Fabiano Tonaco Borges,semaforo_d57_v1_2026-09,true
D57,Doença falciforme,benzilpenicilina benzatina,"PCDT Doença Falciforme 2024 (Port. Conjunta SAES/SECTICS 16/2024, TECI p. 40 + itens 7.3.7/7.3.8 p. 17-19) + RENAME 2024",validado,Fabiano Tonaco Borges,semaforo_d57_v1_2026-09,true
D57,Doença falciforme,estolato de eritromicina,"PCDT Doença Falciforme 2024 (Port. Conjunta SAES/SECTICS 16/2024, TECI p. 40 + itens 7.3.7/7.3.8 p. 17-19) + RENAME 2024",validado,Fabiano Tonaco Borges,semaforo_d57_v1_2026-09,true
D57,Doença falciforme,alfaepoetina,"PCDT Doença Falciforme 2024 (Port. Conjunta SAES/SECTICS 16/2024, TECI p. 40 + itens 7.3.7/7.3.8 p. 17-19) + RENAME 2024",validado,Fabiano Tonaco Borges,semaforo_d57_v1_2026-09,true
E28.2,Síndrome dos ovários policísticos,etinilestradiol + levonorgestrel,"PCDT SOP 2019 (Port. Conjunta SAES/SCTIE 6/2019, item 7 p. 9-10 + TECI p. 21) + RENAME 2024",validado,Fabiano Tonaco Borges,semaforo_e28_v1_2026-09,true
E28.2,Síndrome dos ovários policísticos,acetato de medroxiprogesterona,"PCDT SOP 2019 (Port. Conjunta SAES/SCTIE 6/2019, item 7 p. 9-10 + TECI p. 21) + RENAME 2024",validado,Fabiano Tonaco Borges,semaforo_e28_v1_2026-09,true
E28.2,Síndrome dos ovários policísticos,noretisterona,"PCDT SOP 2019 (Port. Conjunta SAES/SCTIE 6/2019, item 7 p. 9-10 + TECI p. 21) + RENAME 2024",validado,Fabiano Tonaco Borges,semaforo_e28_v1_2026-09,true
E28.2,Síndrome dos ovários policísticos,ciproterona,"PCDT SOP 2019 (Port. Conjunta SAES/SCTIE 6/2019, item 7 p. 9-10 + TECI p. 21) + RENAME 2024",validado,Fabiano Tonaco Borges,semaforo_e28_v1_2026-09,true
E28.2,Síndrome dos ovários policísticos,metformina,"PCDT SOP 2019 (Port. Conjunta SAES/SCTIE 6/2019, item 7 p. 9-10 + TECI p. 21) + RENAME 2024",validado,Fabiano Tonaco Borges,semaforo_e28_v1_2026-09,true
E78,Dislipidemia,sinvastatina,"PCDT Dislipidemia 2019 (Port. Conjunta SAES/SCTIE 8/2019, itens 7.3 e Tabela 1 p. 10) + RENAME 2024",validado,Fabiano Tonaco Borges,semaforo_e78_exaustiva_v1_2026-09,true
E78,Dislipidemia,atorvastatina,"PCDT Dislipidemia 2019 (Port. Conjunta SAES/SCTIE 8/2019, itens 7.3 e Tabela 1 p. 10) + RENAME 2024",validado,Fabiano Tonaco Borges,semaforo_e78_exaustiva_v1_2026-09,true
E78,Dislipidemia,pravastatina,"PCDT Dislipidemia 2019 (Port. Conjunta SAES/SCTIE 8/2019, itens 7.3 e Tabela 1 p. 10) + RENAME 2024",validado,Fabiano Tonaco Borges,semaforo_e78_exaustiva_v1_2026-09,true
E78,Dislipidemia,bezafibrato,"PCDT Dislipidemia 2019 (Port. Conjunta SAES/SCTIE 8/2019, itens 7.3 e Tabela 1 p. 10) + RENAME 2024",validado,Fabiano Tonaco Borges,semaforo_e78_exaustiva_v1_2026-09,true
E78,Dislipidemia,ciprofibrato,"PCDT Dislipidemia 2019 (Port. Conjunta SAES/SCTIE 8/2019, itens 7.3 e Tabela 1 p. 10) + RENAME 2024",validado,Fabiano Tonaco Borges,semaforo_e78_exaustiva_v1_2026-09,true
E78,Dislipidemia,etofibrato,"PCDT Dislipidemia 2019 (Port. Conjunta SAES/SCTIE 8/2019, itens 7.3 e Tabela 1 p. 10) + RENAME 2024",validado,Fabiano Tonaco Borges,semaforo_e78_exaustiva_v1_2026-09,true
E78,Dislipidemia,fenofibrato,"PCDT Dislipidemia 2019 (Port. Conjunta SAES/SCTIE 8/2019, itens 7.3 e Tabela 1 p. 10) + RENAME 2024",validado,Fabiano Tonaco Borges,semaforo_e78_exaustiva_v1_2026-09,true
E78,Dislipidemia,genfibrozila,"PCDT Dislipidemia 2019 (Port. Conjunta SAES/SCTIE 8/2019, itens 7.3 e Tabela 1 p. 10) + RENAME 2024",validado,Fabiano Tonaco Borges,semaforo_e78_exaustiva_v1_2026-09,true
E78,Dislipidemia,gemfibrozila,"PCDT Dislipidemia 2019 (Port. Conjunta SAES/SCTIE 8/2019, itens 7.3 e Tabela 1 p. 10) + RENAME 2024",validado,Fabiano Tonaco Borges,semaforo_e78_exaustiva_v1_2026-09,true
E78,Dislipidemia,ácido nicotínico,"PCDT Dislipidemia 2019 (Port. Conjunta SAES/SCTIE 8/2019, itens 7.3 e Tabela 1 p. 10) + RENAME 2024",validado,Fabiano Tonaco Borges,semaforo_e78_exaustiva_v1_2026-09,true
F17,Tabagismo,bupropiona,"PCDT Tabagismo 2020 (Port. Conjunta SCTIE/SAES 10/2020, item 7.3 p. 19-20 e Tabela 1 p. 37-38) + RENAME 2024",validado,Fabiano Tonaco Borges,semaforo_f17_exaustiva_v1_2026-09,true
F17,Tabagismo,nicotina,"PCDT Tabagismo 2020 (Port. Conjunta SCTIE/SAES 10/2020, item 7.3 p. 19-20 e Tabela 1 p. 37-38) + RENAME 2024",validado,Fabiano Tonaco Borges,semaforo_f17_exaustiva_v1_2026-09,true
F17,Tabagismo,adesivo de nicotina,"PCDT Tabagismo 2020 (Port. Conjunta SCTIE/SAES 10/2020, item 7.3 p. 19-20 e Tabela 1 p. 37-38) + RENAME 2024",validado,Fabiano Tonaco Borges,semaforo_f17_exaustiva_v1_2026-09,true
F17,Tabagismo,goma de nicotina,"PCDT Tabagismo 2020 (Port. Conjunta SCTIE/SAES 10/2020, item 7.3 p. 19-20 e Tabela 1 p. 37-38) + RENAME 2024",validado,Fabiano Tonaco Borges,semaforo_f17_exaustiva_v1_2026-09,true
F17,Tabagismo,pastilha de nicotina,"PCDT Tabagismo 2020 (Port. Conjunta SCTIE/SAES 10/2020, item 7.3 p. 19-20 e Tabela 1 p. 37-38) + RENAME 2024",validado,Fabiano Tonaco Borges,semaforo_f17_exaustiva_v1_2026-09,true
G20,Doença de Parkinson,levodopa + carbidopa,"PCDT Parkinson 2025 (Port. Conjunta SAES/SECTICS 16/2025, TECI p. 29 + Quadro 5 p. 15-17) + RENAME 2024",validado,Fabiano Tonaco Borges,semaforo_g20_v1_2026-09,true
G20,Doença de Parkinson,levodopa + benserazida,"PCDT Parkinson 2025 (Port. Conjunta SAES/SECTICS 16/2025, TECI p. 29 + Quadro 5 p. 15-17) + RENAME 2024",validado,Fabiano Tonaco Borges,semaforo_g20_v1_2026-09,true
G20,Doença de Parkinson,pramipexol,"PCDT Parkinson 2025 (Port. Conjunta SAES/SECTICS 16/2025, TECI p. 29 + Quadro 5 p. 15-17) + RENAME 2024",validado,Fabiano Tonaco Borges,semaforo_g20_v1_2026-09,true
G20,Doença de Parkinson,rasagilina,"PCDT Parkinson 2025 (Port. Conjunta SAES/SECTICS 16/2025, TECI p. 29 + Quadro 5 p. 15-17) + RENAME 2024",validado,Fabiano Tonaco Borges,semaforo_g20_v1_2026-09,true
G20,Doença de Parkinson,amantadina,"PCDT Parkinson 2025 (Port. Conjunta SAES/SECTICS 16/2025, TECI p. 29 + Quadro 5 p. 15-17) + RENAME 2024",validado,Fabiano Tonaco Borges,semaforo_g20_v1_2026-09,true
G20,Doença de Parkinson,entacapona,"PCDT Parkinson 2025 (Port. Conjunta SAES/SECTICS 16/2025, TECI p. 29 + Quadro 5 p. 15-17) + RENAME 2024",validado,Fabiano Tonaco Borges,semaforo_g20_v1_2026-09,true
G20,Doença de Parkinson,triexifenidil,"PCDT Parkinson 2025 (Port. Conjunta SAES/SECTICS 16/2025, TECI p. 29 + Quadro 5 p. 15-17) + RENAME 2024",validado,Fabiano Tonaco Borges,semaforo_g20_v1_2026-09,true
G20,Doença de Parkinson,biperideno,"PCDT Parkinson 2025 (Port. Conjunta SAES/SECTICS 16/2025, TECI p. 29 + Quadro 5 p. 15-17) + RENAME 2024",validado,Fabiano Tonaco Borges,semaforo_g20_v1_2026-09,true
G20,Doença de Parkinson,clozapina,"PCDT Parkinson 2025 (Port. Conjunta SAES/SECTICS 16/2025, TECI p. 29 + Quadro 5 p. 15-17) + RENAME 2024",validado,Fabiano Tonaco Borges,semaforo_g20_v1_2026-09,true
G20,Doença de Parkinson,rivastigmina,"PCDT Parkinson 2025 (Port. Conjunta SAES/SECTICS 16/2025, TECI p. 29 + Quadro 5 p. 15-17) + RENAME 2024",validado,Fabiano Tonaco Borges,semaforo_g20_v1_2026-09,true
G30,Doença de Alzheimer,donepezila,"PCDT Doença de Alzheimer 2025 (Port. Conjunta SAES/SCTIE 27/2025, item 6.2.2 p. 12 e Quadro 5 p. 13) + RENAME 2024",validado,Fabiano Tonaco Borges,semaforo_g30_exaustiva_v1_2026-09,true
G30,Doença de Alzheimer,galantamina,"PCDT Doença de Alzheimer 2025 (Port. Conjunta SAES/SCTIE 27/2025, item 6.2.2 p. 12 e Quadro 5 p. 13) + RENAME 2024",validado,Fabiano Tonaco Borges,semaforo_g30_exaustiva_v1_2026-09,true
G30,Doença de Alzheimer,rivastigmina,"PCDT Doença de Alzheimer 2025 (Port. Conjunta SAES/SCTIE 27/2025, item 6.2.2 p. 12 e Quadro 5 p. 13) + RENAME 2024",validado,Fabiano Tonaco Borges,semaforo_g30_exaustiva_v1_2026-09,true
G30,Doença de Alzheimer,memantina,"PCDT Doença de Alzheimer 2025 (Port. Conjunta SAES/SCTIE 27/2025, item 6.2.2 p. 12 e Quadro 5 p. 13) + RENAME 2024",validado,Fabiano Tonaco Borges,semaforo_g30_exaustiva_v1_2026-09,true
G40,Epilepsia,ácido valproico,"PCDT Epilepsia 2018 (Port. Conjunta 17/2018, item 7.3 p. 23-27 e TER p. 39-40; alterações pós-publicação Port. SCTIE/MS 67/2021, p. 44) + RENAME 2024",validado,Fabiano Tonaco Borges,semaforo_g40_exaustiva_v1_2026-09,true
G40,Epilepsia,carbamazepina,"PCDT Epilepsia 2018 (Port. Conjunta 17/2018, item 7.3 p. 23-27 e TER p. 39-40; alterações pós-publicação Port. SCTIE/MS 67/2021, p. 44) + RENAME 2024",validado,Fabiano Tonaco Borges,semaforo_g40_exaustiva_v1_2026-09,true
G40,Epilepsia,clobazam,"PCDT Epilepsia 2018 (Port. Conjunta 17/2018, item 7.3 p. 23-27 e TER p. 39-40; alterações pós-publicação Port. SCTIE/MS 67/2021, p. 44) + RENAME 2024",validado,Fabiano Tonaco Borges,semaforo_g40_exaustiva_v1_2026-09,true
G40,Epilepsia,clonazepam,"PCDT Epilepsia 2018 (Port. Conjunta 17/2018, item 7.3 p. 23-27 e TER p. 39-40; alterações pós-publicação Port. SCTIE/MS 67/2021, p. 44) + RENAME 2024",validado,Fabiano Tonaco Borges,semaforo_g40_exaustiva_v1_2026-09,true
G40,Epilepsia,etossuximida,"PCDT Epilepsia 2018 (Port. Conjunta 17/2018, item 7.3 p. 23-27 e TER p. 39-40; alterações pós-publicação Port. SCTIE/MS 67/2021, p. 44) + RENAME 2024",validado,Fabiano Tonaco Borges,semaforo_g40_exaustiva_v1_2026-09,true
G40,Epilepsia,fenitoína,"PCDT Epilepsia 2018 (Port. Conjunta 17/2018, item 7.3 p. 23-27 e TER p. 39-40; alterações pós-publicação Port. SCTIE/MS 67/2021, p. 44) + RENAME 2024",validado,Fabiano Tonaco Borges,semaforo_g40_exaustiva_v1_2026-09,true
G40,Epilepsia,fenobarbital,"PCDT Epilepsia 2018 (Port. Conjunta 17/2018, item 7.3 p. 23-27 e TER p. 39-40; alterações pós-publicação Port. SCTIE/MS 67/2021, p. 44) + RENAME 2024",validado,Fabiano Tonaco Borges,semaforo_g40_exaustiva_v1_2026-09,true
G40,Epilepsia,gabapentina,"PCDT Epilepsia 2018 (Port. Conjunta 17/2018, item 7.3 p. 23-27 e TER p. 39-40; alterações pós-publicação Port. SCTIE/MS 67/2021, p. 44) + RENAME 2024",validado,Fabiano Tonaco Borges,semaforo_g40_exaustiva_v1_2026-09,true
G40,Epilepsia,lamotrigina,"PCDT Epilepsia 2018 (Port. Conjunta 17/2018, item 7.3 p. 23-27 e TER p. 39-40; alterações pós-publicação Port. SCTIE/MS 67/2021, p. 44) + RENAME 2024",validado,Fabiano Tonaco Borges,semaforo_g40_exaustiva_v1_2026-09,true
G40,Epilepsia,levetiracetam,"PCDT Epilepsia 2018 (Port. Conjunta 17/2018, item 7.3 p. 23-27 e TER p. 39-40; alterações pós-publicação Port. SCTIE/MS 67/2021, p. 44) + RENAME 2024",validado,Fabiano Tonaco Borges,semaforo_g40_exaustiva_v1_2026-09,true
G40,Epilepsia,primidona,"PCDT Epilepsia 2018 (Port. Conjunta 17/2018, item 7.3 p. 23-27 e TER p. 39-40; alterações pós-publicação Port. SCTIE/MS 67/2021, p. 44) + RENAME 2024",validado,Fabiano Tonaco Borges,semaforo_g40_exaustiva_v1_2026-09,true
G40,Epilepsia,topiramato,"PCDT Epilepsia 2018 (Port. Conjunta 17/2018, item 7.3 p. 23-27 e TER p. 39-40; alterações pós-publicação Port. SCTIE/MS 67/2021, p. 44) + RENAME 2024",validado,Fabiano Tonaco Borges,semaforo_g40_exaustiva_v1_2026-09,true
G40,Epilepsia,vigabatrina,"PCDT Epilepsia 2018 (Port. Conjunta 17/2018, item 7.3 p. 23-27 e TER p. 39-40; alterações pós-publicação Port. SCTIE/MS 67/2021, p. 44) + RENAME 2024",validado,Fabiano Tonaco Borges,semaforo_g40_exaustiva_v1_2026-09,true
L20,Dermatite atópica,acetato de hidrocortisona,"PCDT Dermatite Atópica 2025 (Port. Conjunta 28/2025, item 6.4 p. 21 e Quadros 8-9 p. 14-16) + RENAME 2024",validado,Fabiano Tonaco Borges,semaforo_l20_exaustiva_v2_2026-09,true
L20,Dermatite atópica,dexametasona,"PCDT Dermatite Atópica 2025 (Port. Conjunta 28/2025, item 6.4 p. 21 e Quadros 8-9 p. 14-16) + RENAME 2024",validado,Fabiano Tonaco Borges,semaforo_l20_exaustiva_v2_2026-09,true
L20,Dermatite atópica,tacrolimo,"PCDT Dermatite Atópica 2025 (Port. Conjunta 28/2025, item 6.4 p. 21 e Quadros 8-9 p. 14-16) + RENAME 2024",validado,Fabiano Tonaco Borges,semaforo_l20_exaustiva_v2_2026-09,true
L20,Dermatite atópica,ciclosporina,"PCDT Dermatite Atópica 2025 (Port. Conjunta 28/2025, item 6.4 p. 21 e Quadros 8-9 p. 14-16) + RENAME 2024",validado,Fabiano Tonaco Borges,semaforo_l20_exaustiva_v2_2026-09,true
L20,Dermatite atópica,metotrexato,"PCDT Dermatite Atópica 2025 (Port. Conjunta 28/2025, item 6.4 p. 21 e Quadros 8-9 p. 14-16) + RENAME 2024",validado,Fabiano Tonaco Borges,semaforo_l20_exaustiva_v2_2026-09,true
L20,Dermatite atópica,upadacitinibe,"PCDT Dermatite Atópica 2025 (Port. Conjunta 28/2025, item 6.4 p. 21 e Quadros 8-9 p. 14-16) + RENAME 2024",validado,Fabiano Tonaco Borges,semaforo_l20_exaustiva_v2_2026-09,true
L40,Psoríase,ácido salicílico,"PCDT Psoríase 2021 (Port. Conjunta SAES/SCTIE 18/2021, TECI p. 42 + item 7.4 p. 17-22) + RENAME 2024",validado,Fabiano Tonaco Borges,semaforo_l40_v1_2026-09,true
L40,Psoríase,alcatrão mineral,"PCDT Psoríase 2021 (Port. Conjunta SAES/SCTIE 18/2021, TECI p. 42 + item 7.4 p. 17-22) + RENAME 2024",validado,Fabiano Tonaco Borges,semaforo_l40_v1_2026-09,true
L40,Psoríase,calcipotriol,"PCDT Psoríase 2021 (Port. Conjunta SAES/SCTIE 18/2021, TECI p. 42 + item 7.4 p. 17-22) + RENAME 2024",validado,Fabiano Tonaco Borges,semaforo_l40_v1_2026-09,true
L40,Psoríase,clobetasol,"PCDT Psoríase 2021 (Port. Conjunta SAES/SCTIE 18/2021, TECI p. 42 + item 7.4 p. 17-22) + RENAME 2024",validado,Fabiano Tonaco Borges,semaforo_l40_v1_2026-09,true
L40,Psoríase,dexametasona,"PCDT Psoríase 2021 (Port. Conjunta SAES/SCTIE 18/2021, TECI p. 42 + item 7.4 p. 17-22) + RENAME 2024",validado,Fabiano Tonaco Borges,semaforo_l40_v1_2026-09,true
L40,Psoríase,acitretina,"PCDT Psoríase 2021 (Port. Conjunta SAES/SCTIE 18/2021, TECI p. 42 + item 7.4 p. 17-22) + RENAME 2024",validado,Fabiano Tonaco Borges,semaforo_l40_v1_2026-09,true
L40,Psoríase,metotrexato,"PCDT Psoríase 2021 (Port. Conjunta SAES/SCTIE 18/2021, TECI p. 42 + item 7.4 p. 17-22) + RENAME 2024",validado,Fabiano Tonaco Borges,semaforo_l40_v1_2026-09,true
L40,Psoríase,ciclosporina,"PCDT Psoríase 2021 (Port. Conjunta SAES/SCTIE 18/2021, TECI p. 42 + item 7.4 p. 17-22) + RENAME 2024",validado,Fabiano Tonaco Borges,semaforo_l40_v1_2026-09,true
L40,Psoríase,adalimumabe,"PCDT Psoríase 2021 (Port. Conjunta SAES/SCTIE 18/2021, TECI p. 42 + item 7.4 p. 17-22) + RENAME 2024",validado,Fabiano Tonaco Borges,semaforo_l40_v1_2026-09,true
L40,Psoríase,etanercepte,"PCDT Psoríase 2021 (Port. Conjunta SAES/SCTIE 18/2021, TECI p. 42 + item 7.4 p. 17-22) + RENAME 2024",validado,Fabiano Tonaco Borges,semaforo_l40_v1_2026-09,true
L40,Psoríase,secuquinumabe,"PCDT Psoríase 2021 (Port. Conjunta SAES/SCTIE 18/2021, TECI p. 42 + item 7.4 p. 17-22) + RENAME 2024",validado,Fabiano Tonaco Borges,semaforo_l40_v1_2026-09,true
L40,Psoríase,ustequinumabe,"PCDT Psoríase 2021 (Port. Conjunta SAES/SCTIE 18/2021, TECI p. 42 + item 7.4 p. 17-22) + RENAME 2024",validado,Fabiano Tonaco Borges,semaforo_l40_v1_2026-09,true
L40,Psoríase,risanquizumabe,"PCDT Psoríase 2021 (Port. Conjunta SAES/SCTIE 18/2021, TECI p. 42 + item 7.4 p. 17-22) + RENAME 2024",validado,Fabiano Tonaco Borges,semaforo_l40_v1_2026-09,true
M81,Osteoporose,alendronato de sódio,"PCDT Osteoporose 2025 (Port. Conjunta SAES/SECTICS 22/2025, itens 7.2.7 e 7.2.8 p. 12-13) + RENAME 2024",validado,Fabiano Tonaco Borges,semaforo_m81_exaustiva_v1_2026-09,true
M81,Osteoporose,risedronato sódico,"PCDT Osteoporose 2025 (Port. Conjunta SAES/SECTICS 22/2025, itens 7.2.7 e 7.2.8 p. 12-13) + RENAME 2024",validado,Fabiano Tonaco Borges,semaforo_m81_exaustiva_v1_2026-09,true
M81,Osteoporose,carbonato de cálcio,"PCDT Osteoporose 2025 (Port. Conjunta SAES/SECTICS 22/2025, itens 7.2.7 e 7.2.8 p. 12-13) + RENAME 2024",validado,Fabiano Tonaco Borges,semaforo_m81_exaustiva_v1_2026-09,true
M81,Osteoporose,carbonato de cálcio + colecalciferol,"PCDT Osteoporose 2025 (Port. Conjunta SAES/SECTICS 22/2025, itens 7.2.7 e 7.2.8 p. 12-13) + RENAME 2024",validado,Fabiano Tonaco Borges,semaforo_m81_exaustiva_v1_2026-09,true
M81,Osteoporose,fosfato de cálcio tribásico + colecalciferol,"PCDT Osteoporose 2025 (Port. Conjunta SAES/SECTICS 22/2025, itens 7.2.7 e 7.2.8 p. 12-13) + RENAME 2024",validado,Fabiano Tonaco Borges,semaforo_m81_exaustiva_v1_2026-09,true
M81,Osteoporose,ácido zoledrônico,"PCDT Osteoporose 2025 (Port. Conjunta SAES/SECTICS 22/2025, itens 7.2.7 e 7.2.8 p. 12-13) + RENAME 2024",validado,Fabiano Tonaco Borges,semaforo_m81_exaustiva_v1_2026-09,true
M81,Osteoporose,pamidronato dissódico,"PCDT Osteoporose 2025 (Port. Conjunta SAES/SECTICS 22/2025, itens 7.2.7 e 7.2.8 p. 12-13) + RENAME 2024",validado,Fabiano Tonaco Borges,semaforo_m81_exaustiva_v1_2026-09,true
M81,Osteoporose,raloxifeno,"PCDT Osteoporose 2025 (Port. Conjunta SAES/SECTICS 22/2025, itens 7.2.7 e 7.2.8 p. 12-13) + RENAME 2024",validado,Fabiano Tonaco Borges,semaforo_m81_exaustiva_v1_2026-09,true
M81,Osteoporose,estrogênios conjugados,"PCDT Osteoporose 2025 (Port. Conjunta SAES/SECTICS 22/2025, itens 7.2.7 e 7.2.8 p. 12-13) + RENAME 2024",validado,Fabiano Tonaco Borges,semaforo_m81_exaustiva_v1_2026-09,true
M81,Osteoporose,romosozumabe,"PCDT Osteoporose 2025 (Port. Conjunta SAES/SECTICS 22/2025, itens 7.2.7 e 7.2.8 p. 12-13) + RENAME 2024",validado,Fabiano Tonaco Borges,semaforo_m81_exaustiva_v1_2026-09,true
M81,Osteoporose,calcitonina,"PCDT Osteoporose 2025 (Port. Conjunta SAES/SECTICS 22/2025, itens 7.2.7 e 7.2.8 p. 12-13) + RENAME 2024",validado,Fabiano Tonaco Borges,semaforo_m81_exaustiva_v1_2026-09,true
M81,Osteoporose,calcitriol,"PCDT Osteoporose 2025 (Port. Conjunta SAES/SECTICS 22/2025, itens 7.2.7 e 7.2.8 p. 12-13) + RENAME 2024",validado,Fabiano Tonaco Borges,semaforo_m81_exaustiva_v1_2026-09,true
R52.2,Dor crônica,paracetamol,"PCDT Dor Crônica 2024 (Port. Conjunta SAES/SAPS/SECTICS 1/2024, item 6.2.6 p. 16-17 e Quadro 2 p. 17-19) + RENAME 2024",validado,Fabiano Tonaco Borges,semaforo_r52_exaustiva_v1_2026-09,true
R52.2,Dor crônica,dipirona,"PCDT Dor Crônica 2024 (Port. Conjunta SAES/SAPS/SECTICS 1/2024, item 6.2.6 p. 16-17 e Quadro 2 p. 17-19) + RENAME 2024",validado,Fabiano Tonaco Borges,semaforo_r52_exaustiva_v1_2026-09,true
R52.2,Dor crônica,ácido acetilsalicílico,"PCDT Dor Crônica 2024 (Port. Conjunta SAES/SAPS/SECTICS 1/2024, item 6.2.6 p. 16-17 e Quadro 2 p. 17-19) + RENAME 2024",validado,Fabiano Tonaco Borges,semaforo_r52_exaustiva_v1_2026-09,true
R52.2,Dor crônica,ibuprofeno,"PCDT Dor Crônica 2024 (Port. Conjunta SAES/SAPS/SECTICS 1/2024, item 6.2.6 p. 16-17 e Quadro 2 p. 17-19) + RENAME 2024",validado,Fabiano Tonaco Borges,semaforo_r52_exaustiva_v1_2026-09,true
R52.2,Dor crônica,omeprazol,"PCDT Dor Crônica 2024 (Port. Conjunta SAES/SAPS/SECTICS 1/2024, item 6.2.6 p. 16-17 e Quadro 2 p. 17-19) + RENAME 2024",validado,Fabiano Tonaco Borges,semaforo_r52_exaustiva_v1_2026-09,true
R52.2,Dor crônica,gabapentina,"PCDT Dor Crônica 2024 (Port. Conjunta SAES/SAPS/SECTICS 1/2024, item 6.2.6 p. 16-17 e Quadro 2 p. 17-19) + RENAME 2024",validado,Fabiano Tonaco Borges,semaforo_r52_exaustiva_v1_2026-09,true
R52.2,Dor crônica,carbamazepina,"PCDT Dor Crônica 2024 (Port. Conjunta SAES/SAPS/SECTICS 1/2024, item 6.2.6 p. 16-17 e Quadro 2 p. 17-19) + RENAME 2024",validado,Fabiano Tonaco Borges,semaforo_r52_exaustiva_v1_2026-09,true
R52.2,Dor crônica,fenitoína,"PCDT Dor Crônica 2024 (Port. Conjunta SAES/SAPS/SECTICS 1/2024, item 6.2.6 p. 16-17 e Quadro 2 p. 17-19) + RENAME 2024",validado,Fabiano Tonaco Borges,semaforo_r52_exaustiva_v1_2026-09,true
R52.2,Dor crônica,ácido valproico,"PCDT Dor Crônica 2024 (Port. Conjunta SAES/SAPS/SECTICS 1/2024, item 6.2.6 p. 16-17 e Quadro 2 p. 17-19) + RENAME 2024",validado,Fabiano Tonaco Borges,semaforo_r52_exaustiva_v1_2026-09,true
R52.2,Dor crônica,valproato de sódio,"PCDT Dor Crônica 2024 (Port. Conjunta SAES/SAPS/SECTICS 1/2024, item 6.2.6 p. 16-17 e Quadro 2 p. 17-19) + RENAME 2024",validado,Fabiano Tonaco Borges,semaforo_r52_exaustiva_v1_2026-09,true
R52.2,Dor crônica,amitriptilina,"PCDT Dor Crônica 2024 (Port. Conjunta SAES/SAPS/SECTICS 1/2024, item 6.2.6 p. 16-17 e Quadro 2 p. 17-19) + RENAME 2024",validado,Fabiano Tonaco Borges,semaforo_r52_exaustiva_v1_2026-09,true
R52.2,Dor crônica,nortriptilina,"PCDT Dor Crônica 2024 (Port. Conjunta SAES/SAPS/SECTICS 1/2024, item 6.2.6 p. 16-17 e Quadro 2 p. 17-19) + RENAME 2024",validado,Fabiano Tonaco Borges,semaforo_r52_exaustiva_v1_2026-09,true
R52.2,Dor crônica,clomipramina,"PCDT Dor Crônica 2024 (Port. Conjunta SAES/SAPS/SECTICS 1/2024, item 6.2.6 p. 16-17 e Quadro 2 p. 17-19) + RENAME 2024",validado,Fabiano Tonaco Borges,semaforo_r52_exaustiva_v1_2026-09,true
R52.2,Dor crônica,codeína,"PCDT Dor Crônica 2024 (Port. Conjunta SAES/SAPS/SECTICS 1/2024, item 6.2.6 p. 16-17 e Quadro 2 p. 17-19) + RENAME 2024",validado,Fabiano Tonaco Borges,semaforo_r52_exaustiva_v1_2026-09,true
R52.2,Dor crônica,morfina,"PCDT Dor Crônica 2024 (Port. Conjunta SAES/SAPS/SECTICS 1/2024, item 6.2.6 p. 16-17 e Quadro 2 p. 17-19) + RENAME 2024",validado,Fabiano Tonaco Borges,semaforo_r52_exaustiva_v1_2026-09,true
R52.2,Dor crônica,metadona,"PCDT Dor Crônica 2024 (Port. Conjunta SAES/SAPS/SECTICS 1/2024, item 6.2.6 p. 16-17 e Quadro 2 p. 17-19) + RENAME 2024",validado,Fabiano Tonaco Borges,semaforo_r52_exaustiva_v1_2026-09,true
G40,Epilepsia,valproato de sódio,"PCDT Epilepsia 2018 (Port. Conjunta 17/2018, item 7.3, p. 23) — row-alias de 'ácido valproico'. NOTA DE CRUZAMENTO (24/09): a RENAME 2024 lista apenas 'ácido valproico' (p. 93 e 125); 'valproato de sódio' NÃO aparece em nenhuma das 254 páginas. A row existe porque o canon_ativo resolve 'valproato de sódio' para a chave 'valproato', distinta de 'acido valproico' — sem ela, a grafia do PCDT daria amarelo falso.",validado,Fabiano Tonaco Borges,semaforo_g40_exaustiva_v1_2026-09,true
A51,Sífilis precoce,benzilpenicilina benzatina,"PCDT IST 2021 (Port. SCTIE/MS 12/2021, Quadros 15/31/33/34/35/38/39/44) + RENAME 2024",validado,Fabiano Tonaco Borges,semaforo_ist_v1_2026-09,true
A51,Sífilis precoce,doxiciclina,"PCDT IST 2021 (Port. SCTIE/MS 12/2021, Quadros 15/31/33/34/35/38/39/44) + RENAME 2024",validado,Fabiano Tonaco Borges,semaforo_ist_v1_2026-09,true
A52,Sífilis tardia,benzilpenicilina benzatina,"PCDT IST 2021 (Port. SCTIE/MS 12/2021, Quadros 15/31/33/34/35/38/39/44) + RENAME 2024",validado,Fabiano Tonaco Borges,semaforo_ist_v1_2026-09,true
A52,Sífilis tardia,doxiciclina,"PCDT IST 2021 (Port. SCTIE/MS 12/2021, Quadros 15/31/33/34/35/38/39/44) + RENAME 2024",validado,Fabiano Tonaco Borges,semaforo_ist_v1_2026-09,true
A54,Gonorreia,ceftriaxona,"PCDT IST 2021 (Port. SCTIE/MS 12/2021, Quadros 15/31/33/34/35/38/39/44) + RENAME 2024",validado,Fabiano Tonaco Borges,semaforo_ist_v1_2026-09,true
A54,Gonorreia,azitromicina,"PCDT IST 2021 (Port. SCTIE/MS 12/2021, Quadros 15/31/33/34/35/38/39/44) + RENAME 2024",validado,Fabiano Tonaco Borges,semaforo_ist_v1_2026-09,true
A55,Linfogranuloma venéreo (LGV),doxiciclina,"PCDT IST 2021 (Port. SCTIE/MS 12/2021, Quadros 15/31/33/34/35/38/39/44) + RENAME 2024",validado,Fabiano Tonaco Borges,semaforo_ist_v1_2026-09,true
A55,Linfogranuloma venéreo (LGV),azitromicina,"PCDT IST 2021 (Port. SCTIE/MS 12/2021, Quadros 15/31/33/34/35/38/39/44) + RENAME 2024",validado,Fabiano Tonaco Borges,semaforo_ist_v1_2026-09,true
A56,Clamidiose,azitromicina,"PCDT IST 2021 (Port. SCTIE/MS 12/2021, Quadros 15/31/33/34/35/38/39/44) + RENAME 2024",validado,Fabiano Tonaco Borges,semaforo_ist_v1_2026-09,true
A56,Clamidiose,doxiciclina,"PCDT IST 2021 (Port. SCTIE/MS 12/2021, Quadros 15/31/33/34/35/38/39/44) + RENAME 2024",validado,Fabiano Tonaco Borges,semaforo_ist_v1_2026-09,true
A57,Cancro mole,azitromicina,"PCDT IST 2021 (Port. SCTIE/MS 12/2021, Quadros 15/31/33/34/35/38/39/44) + RENAME 2024",validado,Fabiano Tonaco Borges,semaforo_ist_v1_2026-09,true
A57,Cancro mole,ceftriaxona,"PCDT IST 2021 (Port. SCTIE/MS 12/2021, Quadros 15/31/33/34/35/38/39/44) + RENAME 2024",validado,Fabiano Tonaco Borges,semaforo_ist_v1_2026-09,true
A57,Cancro mole,ciprofloxacino,"PCDT IST 2021 (Port. SCTIE/MS 12/2021, Quadros 15/31/33/34/35/38/39/44) + RENAME 2024",validado,Fabiano Tonaco Borges,semaforo_ist_v1_2026-09,true
A58,Donovanose (granuloma inguinal),azitromicina,"PCDT IST 2021 (Port. SCTIE/MS 12/2021, Quadros 15/31/33/34/35/38/39/44) + RENAME 2024",validado,Fabiano Tonaco Borges,semaforo_ist_v1_2026-09,true
A58,Donovanose (granuloma inguinal),doxiciclina,"PCDT IST 2021 (Port. SCTIE/MS 12/2021, Quadros 15/31/33/34/35/38/39/44) + RENAME 2024",validado,Fabiano Tonaco Borges,semaforo_ist_v1_2026-09,true
A58,Donovanose (granuloma inguinal),ciprofloxacino,"PCDT IST 2021 (Port. SCTIE/MS 12/2021, Quadros 15/31/33/34/35/38/39/44) + RENAME 2024",validado,Fabiano Tonaco Borges,semaforo_ist_v1_2026-09,true
A58,Donovanose (granuloma inguinal),sulfametoxazol + trimetoprima,"PCDT IST 2021 (Port. SCTIE/MS 12/2021, Quadros 15/31/33/34/35/38/39/44) + RENAME 2024",validado,Fabiano Tonaco Borges,semaforo_ist_v1_2026-09,true
A59,Tricomoníase,metronidazol,"PCDT IST 2021 (Port. SCTIE/MS 12/2021, Quadros 15/31/33/34/35/38/39/44) + RENAME 2024",validado,Fabiano Tonaco Borges,semaforo_ist_v1_2026-09,true
A60,Herpes genital,aciclovir,"PCDT IST 2021 (Port. SCTIE/MS 12/2021, Quadros 15/31/33/34/35/38/39/44) + RENAME 2024",validado,Fabiano Tonaco Borges,semaforo_ist_v1_2026-09,true
B37.3,Candidíase vulvovaginal,miconazol,"PCDT IST 2021 (Port. SCTIE/MS 12/2021, Quadros 15/31/33/34/35/38/39/44) + RENAME 2024",validado,Fabiano Tonaco Borges,semaforo_ist_v1_2026-09,true
B37.3,Candidíase vulvovaginal,nistatina,"PCDT IST 2021 (Port. SCTIE/MS 12/2021, Quadros 15/31/33/34/35/38/39/44) + RENAME 2024",validado,Fabiano Tonaco Borges,semaforo_ist_v1_2026-09,true
B37.3,Candidíase vulvovaginal,fluconazol,"PCDT IST 2021 (Port. SCTIE/MS 12/2021, Quadros 15/31/33/34/35/38/39/44) + RENAME 2024",validado,Fabiano Tonaco Borges,semaforo_ist_v1_2026-09,true
B37.3,Candidíase vulvovaginal,itraconazol,"PCDT IST 2021 (Port. SCTIE/MS 12/2021, Quadros 15/31/33/34/35/38/39/44) + RENAME 2024",validado,Fabiano Tonaco Borges,semaforo_ist_v1_2026-09,true
N73,Doença inflamatória pélvica (DIP),ceftriaxona,"PCDT IST 2021 (Port. SCTIE/MS 12/2021, Quadros 15/31/33/34/35/38/39/44) + RENAME 2024",validado,Fabiano Tonaco Borges,semaforo_ist_v1_2026-09,true
N73,Doença inflamatória pélvica (DIP),doxiciclina,"PCDT IST 2021 (Port. SCTIE/MS 12/2021, Quadros 15/31/33/34/35/38/39/44) + RENAME 2024",validado,Fabiano Tonaco Borges,semaforo_ist_v1_2026-09,true
N73,Doença inflamatória pélvica (DIP),metronidazol,"PCDT IST 2021 (Port. SCTIE/MS 12/2021, Quadros 15/31/33/34/35/38/39/44) + RENAME 2024",validado,Fabiano Tonaco Borges,semaforo_ist_v1_2026-09,true
N73,Doença inflamatória pélvica (DIP),cefotaxima,"PCDT IST 2021 (Port. SCTIE/MS 12/2021, Quadros 15/31/33/34/35/38/39/44) + RENAME 2024",validado,Fabiano Tonaco Borges,semaforo_ist_v1_2026-09,true
N76.0,Vaginose bacteriana,metronidazol,"PCDT IST 2021 (Port. SCTIE/MS 12/2021, Quadros 15/31/33/34/35/38/39/44) + RENAME 2024",validado,Fabiano Tonaco Borges,semaforo_ist_v1_2026-09,true
N76.0,Vaginose bacteriana,clindamicina,"PCDT IST 2021 (Port. SCTIE/MS 12/2021, Quadros 15/31/33/34/35/38/39/44) + RENAME 2024",validado,Fabiano Tonaco Borges,semaforo_ist_v1_2026-09,true
M16,Artrose do quadril (coxartrose),naproxeno,"PCDT Dor Crônica 2024 (Port. Conjunta SAES/SAPS/SECTICS 1/2024, item 6.2.6 p. 16-17 e Quadro 2 p. 17-19) + RENAME 2024",validado,Fabiano Tonaco Borges,semaforo_r52_exaustiva_v1_2026-09,false
M17,Gonartrose [artrose do joelho],naproxeno,"PCDT Dor Crônica 2024 (Port. Conjunta SAES/SAPS/SECTICS 1/2024, item 6.2.6 p. 16-17 e Quadro 2 p. 17-19) + RENAME 2024",validado,Fabiano Tonaco Borges,semaforo_r52_exaustiva_v1_2026-09,false
F00,Demência na doença de Alzheimer,donepezila,"PCDT Doença de Alzheimer 2025 (Port. Conjunta SAES/SCTIE 27/2025, item 6.2.2 p. 12 e Quadro 5 p. 13) + RENAME 2024; alias F00<-G30 por caneta 28/09",validado,Fabiano Tonaco Borges,semaforo_f00_alias_v1_2026-09,true
F00,Demência na doença de Alzheimer,galantamina,"PCDT Doença de Alzheimer 2025 (Port. Conjunta SAES/SCTIE 27/2025, item 6.2.2 p. 12 e Quadro 5 p. 13) + RENAME 2024; alias F00<-G30 por caneta 28/09",validado,Fabiano Tonaco Borges,semaforo_f00_alias_v1_2026-09,true
F00,Demência na doença de Alzheimer,rivastigmina,"PCDT Doença de Alzheimer 2025 (Port. Conjunta SAES/SCTIE 27/2025, item 6.2.2 p. 12 e Quadro 5 p. 13) + RENAME 2024; alias F00<-G30 por caneta 28/09",validado,Fabiano Tonaco Borges,semaforo_f00_alias_v1_2026-09,true
F00,Demência na doença de Alzheimer,memantina,"PCDT Doença de Alzheimer 2025 (Port. Conjunta SAES/SCTIE 27/2025, item 6.2.2 p. 12 e Quadro 5 p. 13) + RENAME 2024; alias F00<-G30 por caneta 28/09",validado,Fabiano Tonaco Borges,semaforo_f00_alias_v1_2026-09,true
A53,Outras formas e as não especificadas da sífilis,benzilpenicilina benzatina,"PCDT IST 2021 (Port. SCTIE/MS 12/2021, Quadro 15 p. 23-24) + RENAME 2024; alias A53<-A52 por caneta 28/09; duração ignorada trata-se como tardia",validado,Fabiano Tonaco Borges,semaforo_a53_alias_v1_2026-09,true
A53,Outras formas e as não especificadas da sífilis,doxiciclina,"PCDT IST 2021 (Port. SCTIE/MS 12/2021, Quadro 15 p. 23-24) + RENAME 2024; alias A53<-A52 por caneta 28/09; duração ignorada trata-se como tardia",validado,Fabiano Tonaco Borges,semaforo_a53_alias_v1_2026-09,true
L20,Dermatite atópica,furoato de mometasona,"PCDT Dermatite Atópica 2025 (Port. Conjunta 28/2025, Quadros 8-9 p. 14-16, item 6.4 p. 21) — incorporação vigente que nomeia o fármaco; RENAME 2024 (254 págs.) não alcança o protocolo (nov/2025)",validado,Fabiano Tonaco Borges,semaforo_l20_exaustiva_v2_2026-09,true
L20,Dermatite atópica,dupilumabe,"PCDT Dermatite Atópica 2025 (Port. Conjunta 28/2025, Quadros 8-9 p. 14-16, item 6.4 p. 21) — incorporação vigente que nomeia o fármaco; RENAME 2024 (254 págs.) não alcança o protocolo (nov/2025)",validado,Fabiano Tonaco Borges,semaforo_l20_exaustiva_v2_2026-09,true
