principio_ativo,posologia_usual,condicao_nome,codigo_cid,fonte,status_curadoria,validado_por,versao,observacao
hidroclorotiazida,"Tomar 1 comprimido de 25 mg, por via oral, 1 vez ao dia, pela manhã.",Hipertensão arterial,I10,"RENAME 2024 (p. 45, 138) + Diretrizes Brasileiras de HAS 2020 (SBC/SBH/SBN)",validado,Fabiano Tonaco Borges,posologia_has_v2_2026-09,Diurético tiazídico de 1ª linha. Ajustar conforme função renal e potássio.
losartana,"Tomar 1 comprimido de 50 mg, por via oral, 1 vez ao dia (pode aumentar até 100 mg/dia).",Hipertensão arterial,I10,"RENAME 2024 (p. 45, 140) + Diretrizes Brasileiras de HAS 2020 (SBC/SBH/SBN)",validado,Fabiano Tonaco Borges,posologia_has_v2_2026-09,BRA de 1ª linha. Faixa usual 50–100 mg/dia.
enalapril,"Tomar 1 comprimido de 10 mg, por via oral, 2 vezes ao dia.",Hipertensão arterial,I10,"RENAME 2024 (p. 45, 140) + Diretrizes Brasileiras de HAS 2020 (SBC/SBH/SBN)",validado,Fabiano Tonaco Borges,posologia_has_v2_2026-09,IECA de 1ª linha. Faixa usual 10–40 mg/dia (1–2 tomadas). Monitorar tosse/potássio.
captopril,"Tomar 1 comprimido de 25 mg, por via oral, 2 a 3 vezes ao dia.",Hipertensão arterial,I10,"RENAME 2024 (p. 42, 128) + Diretrizes Brasileiras de HAS 2020 (SBC/SBH/SBN)",validado,Fabiano Tonaco Borges,posologia_has_v2_2026-09,IECA de curta duração; geralmente 2–3 tomadas/dia.
anlodipino,"Tomar 1 comprimido de 5 mg, por via oral, 1 vez ao dia (pode aumentar até 10 mg/dia).",Hipertensão arterial,I10,"RENAME 2024 (p. 41, 127) + Diretrizes Brasileiras de HAS 2020 (SBC/SBH/SBN)",validado,Fabiano Tonaco Borges,posologia_has_v2_2026-09,Bloqueador de canal de cálcio di-hidropiridínico de 1ª linha. Atenção a edema.
metformina,"Tomar 1 comprimido de 500 mg ou 850 mg, por via oral, 2 a 3 vezes ao dia, junto às refeições. Não exceder 2.550 mg/dia.",Diabetes mellito tipo 2,E11,"PCDT DM2 2026 (Port. SCTIE/MS 13/2026, Quadro 15, p. 39)",validado,Fabiano Tonaco Borges,posologia_dm2_v1_2026-08,1ª linha. XR 500 mg disponível via Farmácia Popular (p. 38).
glibenclamida,"Tomar 1 comprimido de 5 mg, por via oral, 1 a 2 vezes ao dia. Não exceder 20 mg/dia.",Diabetes mellito tipo 2,E11,"PCDT DM2 2026 (Port. SCTIE/MS 13/2026, Quadro 15, p. 39)",validado,Fabiano Tonaco Borges,posologia_dm2_v1_2026-08,Não recomendada em ≥60 anos; contraindicada se TFG<30 (p. 40).
gliclazida,"Tomar 1 comprimido de 30 mg ou 60 mg, por via oral, 1 vez ao dia. Não exceder 120 mg/dia.",Diabetes mellito tipo 2,E11,"PCDT DM2 2026 (Port. SCTIE/MS 13/2026, Quadro 15, p. 39)",validado,Fabiano Tonaco Borges,posologia_dm2_v1_2026-08,Sulfonilureia; mesmas contraindicações de classe (p. 40).
dapagliflozina,"Tomar 1 comprimido de 10 mg, por via oral, 1 vez ao dia.",Diabetes mellito tipo 2,E11,"PCDT DM2 2026 (Port. SCTIE/MS 13/2026, Quadro 15, p. 39)",validado,Fabiano Tonaco Borges,posologia_dm2_v1_2026-08,Contraindicada se TFG estimada <25 mL/min persistente; gravidez/lactação (p. 40).
insulina NPH,"Iniciar 0,1 a 0,2 U/kg/dia por via subcutânea (obesidade/resistência: 0,5–0,75), à noite antes da ceia; titular 2 U a cada 3 dias pela glicemia de jejum.",Diabetes mellito tipo 2,E11,"PCDT DM2 2026 (Port. SCTIE/MS 13/2026, Quadro 15, p. 39)",validado,Fabiano Tonaco Borges,posologia_dm2_v1_2026-08,"Máx. 0,5 U/kg/dia (0,75 se obesidade/RI). Notas a/b/c do Quadro 15."
insulina humana regular,"Iniciar 3 a 4 U por via subcutânea antes das refeições principais, titulando pela glicemia pós-prandial.",Diabetes mellito tipo 2,E11,"PCDT DM2 2026 (Port. SCTIE/MS 13/2026, Quadro 15, p. 39)",validado,Fabiano Tonaco Borges,posologia_dm2_v1_2026-08,Não exceder >50% da dose total diária de insulina (DTDI).
insulina análoga de ação rápida,"Iniciar 3 a 4 U por via subcutânea antes das refeições principais, titulando pela glicemia pós-prandial.",Diabetes mellito tipo 2,E11,"PCDT DM2 2026 (Port. SCTIE/MS 13/2026, Quadro 15, p. 39)",validado,Fabiano Tonaco Borges,posologia_dm2_v1_2026-08,Mesmo esquema da regular (Quadro 15); AIAR substituíveis 1U:1U (p. 38).
insulina análoga de ação prolongada,"Iniciar 0,1 a 0,2 U/kg/dia por via subcutânea, 1 vez ao dia; titular 2 U a cada 3 dias pela glicemia de jejum.",Diabetes mellito tipo 2,E11,"PCDT DM2 2026 (Port. SCTIE/MS 13/2026, Quadro 15, p. 39)",validado,Fabiano Tonaco Borges,posologia_dm2_v1_2026-08,"Máx. 0,5 U/kg/dia (0,75 se obesidade/RI). AIAP: glargina/degludeca (p. 38)."
beclometasona,"Inalatório, 1 a 2 aplicações/dia conforme apresentação; dose diária por faixa (baixa/média/alta) no Quadro 10.",Asma,J45,"PCDT Asma 2026 (Port. Conjunta SAES/SCTIE 43/2026, §7.4.1, p. 37-41)",validado,Fabiano Tonaco Borges,posologia_j45_v1_2026-08,≥12 anos: 200–500 mcg/dia (dose baixa); crianças 6–11 anos: 100–200 mcg/dia. Ver apresentação pMDI/DPI.
budesonida,"Inalatório, 1 a 2 aplicações/dia; dose diária por faixa no Quadro 10.",Asma,J45,"PCDT Asma 2026 (Port. Conjunta SAES/SCTIE 43/2026, §7.4.1, p. 37-41)",validado,Fabiano Tonaco Borges,posologia_j45_v1_2026-08,≥12 anos: 200–400 mcg/dia (dose baixa); crianças 6–11 anos: 100–200 mcg/dia.
formoterol + budesonida,Inalatório. Estratégia AIR: 1 inalação sob demanda (etapas 1–2). MART: 1–2 inalações 1 a 2 vezes ao dia + sob demanda (etapas 3–5). Máximo 12 inalações/dia.,Asma,J45,"PCDT Asma 2026 (Port. Conjunta SAES/SCTIE 43/2026, §7.4.1, p. 37-41)",validado,Fabiano Tonaco Borges,posologia_j45_v1_2026-08,Estratégia preferencial do protocolo (Quadro 11); apresentações 200/6 e 100/6 mcg por dose medida.
salbutamol,Na exacerbação: 4 a 10 jatos (100 mcg cada) a cada 20 minutos na primeira hora; depois 4 a 10 jatos a cada 3–4 horas conforme resposta.,Asma,J45,"PCDT Asma 2026 (Port. Conjunta SAES/SCTIE 43/2026, §7.4.1, p. 37-41)",validado,Fabiano Tonaco Borges,posologia_j45_v1_2026-08,pMDI com espaçador. Uso excessivo diário fora de exacerbação é sinal de gravidade.
fenoterol,Mesmo esquema do salbutamol na exacerbação (alternativa).,Asma,J45,"PCDT Asma 2026 (Port. Conjunta SAES/SCTIE 43/2026, §7.4.1, p. 37-41)",validado,Fabiano Tonaco Borges,posologia_j45_v1_2026-08,SABA; ver apresentação.
prednisona,"40 a 50 mg/dia (ou equivalente), por via oral, por 5 a 7 dias, na exacerbação grave.",Asma,J45,"PCDT Asma 2026 (Port. Conjunta SAES/SCTIE 43/2026, §7.4.1, p. 37-41)",validado,Fabiano Tonaco Borges,posologia_j45_v1_2026-08,"Baixa dose crônica (até 7,5 mg/dia) apenas como último recurso na asma grave do adulto."
prednisolona,"Adultos: 40 a 50 mg/dia por 5 a 7 dias. Crianças 6–11 anos: 1 a 2 mg/kg/dia (máx. 40 mg), por 3 a 5 dias.",Asma,J45,"PCDT Asma 2026 (Port. Conjunta SAES/SCTIE 43/2026, §7.4.1, p. 37-41)",validado,Fabiano Tonaco Borges,posologia_j45_v1_2026-08,"Dose única diária, matinal preferida, para minimizar eventos no eixo hipotálamo-hipófise-adrenal."
mepolizumabe,100 mg por via subcutânea a cada 4 semanas (≥12 anos); 40 mg (6–11 anos).,Asma,J45,"PCDT Asma 2026 (Port. Conjunta SAES/SCTIE 43/2026, §7.4.1, p. 37-41)",validado,Fabiano Tonaco Borges,posologia_j45_v1_2026-08,Asma grave; segurança não estabelecida em <6 anos.
omalizumabe,"75 a 600 mg por via subcutânea a cada 2–4 semanas, conforme IgE basal (UI/mL) e peso.",Asma,J45,"PCDT Asma 2026 (Port. Conjunta SAES/SCTIE 43/2026, §7.4.1, p. 37-41)",validado,Fabiano Tonaco Borges,posologia_j45_v1_2026-08,Quadros 12–13 do protocolo. Suporte para anafilaxão nas 3 primeiras doses.
benralizumabe,"30 mg por via subcutânea a cada 4 semanas nas três primeiras doses, depois a cada 8 semanas.",Asma,J45,"PCDT Asma 2026 (Port. Conjunta SAES/SCTIE 43/2026, §7.4.1, p. 37-41)",validado,Fabiano Tonaco Borges,posologia_j45_v1_2026-08,Sem ajuste em idosos ou disfunção renal/hepática.
dupilumabe,600 mg iniciais (2 injeções de 300 mg) seguidas de 300 mg a cada 2 semanas; ou 400 mg iniciais seguidas de 200 mg a cada 2 semanas. Crianças 6–11 anos conforme peso.,Asma,J45,"PCDT Asma 2026 (Port. Conjunta SAES/SCTIE 43/2026, §7.4.1, p. 37-41)",validado,Fabiano Tonaco Borges,posologia_j45_v1_2026-08,Em uso concomitante de corticoide oral na asma grave: esquema 600/300. Ver também PCDT Dermatite Atópica.
nitrofurantoína,"100 mg por via oral, a cada 6 horas, por 5 a 7 dias.",Infecção do trato urinário (ITU),N39.0,"RAMB 2003 (SciELO, p. 5) — diretriz dedicada BR",validado,Fabiano Tonaco Borges,posologia_itu_v1_2026-09,RAMB 2003 (p. 5) — idade da fonte declarada; regimes vigentes preferem 12/12h. Primeira linha para cistite aguda.
fosfomicina,"3 g (fosfomicina trometamol) por via oral, em dose única.",Infecção do trato urinário (ITU),N39.0,"RAMB 2003 (SciELO, p. 5) — diretriz dedicada BR",validado,Fabiano Tonaco Borges,posologia_itu_v1_2026-09,RAMB 2003 (p. 5). Dose única — adesão máxima; não consta da RENAME 2024 (ver row do semáforo).
cefalexina,"250 mg por via oral, a cada 6 horas.",Infecção do trato urinário (ITU),N39.0,"RAMB 2003 (SciELO, p. 5) — diretriz dedicada BR",validado,Fabiano Tonaco Borges,posologia_itu_v1_2026-09,RAMB 2003 (p. 5) — idade da fonte declarada.
ipratrópio,"Pacientes clinicamente estáveis: 40 mcg (2 jatos do aerossol dosimétrico), por via inalatória, 3 a 4 vezes/dia.",Outras doenças pulmonares obstrutivas crônicas,J44,"PCDT DPOC 2025 (Port. Conjunta SAES/SCTIE 29/2025, p. 15-22) + RENAME 2024",validado,Fabiano Tonaco Borges,posologia_j44_v1_2026-09,"PCDT DPOC 2025, p. 20. Dose máxima 240 mcg/dia. Nebulização: 0,25 a 0,5 mg (20 a 40 gotas) a cada 4 a 6 horas. Não indicado para alívio de broncoespasmo agudo."
tiotrópio,"Em associação fixa com olodaterol: 5 mcg + 5 mcg (dois acionamentos consecutivos), por inalação oral, 1 vez ao dia, sempre no mesmo horário.",Outras doenças pulmonares obstrutivas crônicas,J44,"PCDT DPOC 2025 (Port. Conjunta SAES/SCTIE 29/2025, p. 15-22) + RENAME 2024",validado,Fabiano Tonaco Borges,posologia_j44_v1_2026-09,"PCDT DPOC 2025, p. 20. O Protocolo traz o esquema do tiotrópio na associação fixa com olodaterol; não há dose de monoterapia no Quadro de administração."
formoterol,"12 a 24 mcg, 2 vezes/dia.",Outras doenças pulmonares obstrutivas crônicas,J44,"PCDT DPOC 2025 (Port. Conjunta SAES/SCTIE 29/2025, p. 15-22) + RENAME 2024",validado,Fabiano Tonaco Borges,posologia_j44_v1_2026-09,"PCDT DPOC 2025, p. 20. Dose máxima diária 48 mcg. Inalar uma cápsula por vez; não usar mais de 2 vezes/dia sem recomendação médica."
umeclidínio,"Em associação fixa com vilanterol: 62,5 mcg + 25 mcg, por inalação oral, 1 vez ao dia, sempre no mesmo horário.",Outras doenças pulmonares obstrutivas crônicas,J44,"PCDT DPOC 2025 (Port. Conjunta SAES/SCTIE 29/2025, p. 15-22) + RENAME 2024",validado,Fabiano Tonaco Borges,posologia_j44_v1_2026-09,"PCDT DPOC 2025, p. 20. O Protocolo traz o esquema do umeclidínio na associação fixa com vilanterol; não há dose de monoterapia no Quadro de administração."
sacubitril + valsartana,"Inicial 50 mg, 2 x ao dia; alvo 200 mg, 2 x ao dia.",Insuficiência cardíaca,I50,"PCDT Insuficiência Cardíaca 2024 (Port. Conjunta SAES/SECTICS 10/2024, Quadro 5, p. 16) + RENAME 2024",validado,Fabiano Tonaco Borges,posologia_i50_v1_2026-09,"PCDT IC 2024, Quadro 5, p. 16. Critérios de indicação na p. 8: <75 anos, NYHA II, FE ≤35%, NT-proBNP >600."
espironolactona,"Inicial 12,5-25 mg, 1 x ao dia; alvo 25-50 mg, 1 x ao dia.",Insuficiência cardíaca,I50,"PCDT Insuficiência Cardíaca 2024 (Port. Conjunta SAES/SECTICS 10/2024, Quadro 5, p. 16) + RENAME 2024",validado,Fabiano Tonaco Borges,posologia_i50_v1_2026-09,"PCDT IC 2024, Quadro 5, p. 16."
furosemida,"Inicial 20-40 mg, 1 x ao dia; dose usual 40-240 mg.",Insuficiência cardíaca,I50,"PCDT Insuficiência Cardíaca 2024 (Port. Conjunta SAES/SECTICS 10/2024, Quadro 5, p. 16) + RENAME 2024",validado,Fabiano Tonaco Borges,posologia_i50_v1_2026-09,"PCDT IC 2024, Quadro 5, p. 16. Doses ajustadas conforme congestão; pode-se usar 2-3 vezes ao dia."
carvedilol,"Inicial 3,125 mg, 2 x ao dia; alvo 25 mg, 2 x ao dia.",Insuficiência cardíaca,I50,"PCDT Insuficiência Cardíaca 2024 (Port. Conjunta SAES/SECTICS 10/2024, Quadro 5, p. 16) + RENAME 2024",validado,Fabiano Tonaco Borges,posologia_i50_v1_2026-09,"PCDT IC 2024, Quadro 5, p. 16."
metoprolol,"Succinato: inicial 12,5-25 mg, 1 x ao dia; alvo 200 mg, 1 x ao dia.",Insuficiência cardíaca,I50,"PCDT Insuficiência Cardíaca 2024 (Port. Conjunta SAES/SECTICS 10/2024, Quadro 5, p. 16) + RENAME 2024",validado,Fabiano Tonaco Borges,posologia_i50_v1_2026-09,"PCDT IC 2024, Quadro 5, p. 16. Comprimidos de liberação prolongada."
digoxina,"Inicial 0,125 mg em dias alternados a 0,25 mg, 1 x ao dia.",Insuficiência cardíaca,I50,"PCDT Insuficiência Cardíaca 2024 (Port. Conjunta SAES/SECTICS 10/2024, Quadro 5, p. 16) + RENAME 2024",validado,Fabiano Tonaco Borges,posologia_i50_v1_2026-09,"PCDT IC 2024, Quadro 5, p. 16. Dosagem de nível sérico pode auxiliar no ajuste."
hidralazina,"Inicial 12,5-25 mg, 3 x ao dia; alvo 50-100 mg, 3 x ao dia.",Insuficiência cardíaca,I50,"PCDT Insuficiência Cardíaca 2024 (Port. Conjunta SAES/SECTICS 10/2024, Quadro 5, p. 16) + RENAME 2024",validado,Fabiano Tonaco Borges,posologia_i50_v1_2026-09,"PCDT IC 2024, Quadro 5, p. 16."
isossorbida,"Inicial 10-20 mg, 3 x ao dia; alvo 40 mg, 3 x ao dia.",Insuficiência cardíaca,I50,"PCDT Insuficiência Cardíaca 2024 (Port. Conjunta SAES/SECTICS 10/2024, Quadro 5, p. 16) + RENAME 2024",validado,Fabiano Tonaco Borges,posologia_i50_v1_2026-09,"PCDT IC 2024, Quadro 5, p. 16. Dinitrato 5 mg (sublingual) e mononitrato 20 e 40 mg."
losartana,"Inicial 25 mg, 1 x ao dia; alvo 150 mg ao dia (dose única ou dividida em 2 vezes ao dia).",Insuficiência cardíaca,I50,"PCDT Insuficiência Cardíaca 2024 (Port. Conjunta SAES/SECTICS 10/2024, Quadro 5, p. 16) + RENAME 2024",validado,Fabiano Tonaco Borges,posologia_i50_v1_2026-09,"PCDT IC 2024, Quadro 5, p. 16. Comprimidos de 50 mg. Dose de início MENOR que a de hipertensão (I10) — protocolos distintos para a mesma substância."
enalapril,"Inicial 2,5 mg, 2 x ao dia; alvo 10-20 mg, 2 x ao dia.",Insuficiência cardíaca,I50,"PCDT Insuficiência Cardíaca 2024 (Port. Conjunta SAES/SECTICS 10/2024, Quadro 5, p. 16) + RENAME 2024",validado,Fabiano Tonaco Borges,posologia_i50_v1_2026-09,"PCDT IC 2024, Quadro 5, p. 16. Maleato de enalapril, comprimidos de 5, 10 e 20 mg."
captopril,"Inicial 6,25 mg, 3 x ao dia; alvo 50 mg, 3 x ao dia.",Insuficiência cardíaca,I50,"PCDT Insuficiência Cardíaca 2024 (Port. Conjunta SAES/SECTICS 10/2024, Quadro 5, p. 16) + RENAME 2024",validado,Fabiano Tonaco Borges,posologia_i50_v1_2026-09,"PCDT IC 2024, Quadro 5, p. 16. Comprimidos de 25 mg. Titulação em 3 tomadas — esquema diferente do usado em hipertensão (I10)."
hidroclorotiazida,"Inicial 25 mg, 1 x ao dia; dose usual 12,5-100 mg.",Insuficiência cardíaca,I50,"PCDT Insuficiência Cardíaca 2024 (Port. Conjunta SAES/SECTICS 10/2024, Quadro 5, p. 16) + RENAME 2024",validado,Fabiano Tonaco Borges,posologia_i50_v1_2026-09,"PCDT IC 2024, Quadro 5, p. 16. Comprimidos de 12,5 e 25 mg."
dapagliflozina,"10 mg, 1 x ao dia.",Insuficiência cardíaca,I50,"PCDT Insuficiência Cardíaca 2024 (Port. Conjunta SAES/SECTICS 10/2024, Quadro 5, p. 16) + RENAME 2024",validado,Fabiano Tonaco Borges,posologia_i50_v1_2026-09,"PCDT IC 2024, Quadro 5, p. 16. Comprimidos de 10 mg; dose inicial e dose-alvo coincidem (sem titulação)."
salbutamol,"Alívio de broncoespasmo agudo ou antes de esforço físico: 200 a 400 mcg (2 a 4 jatos do aerossol dosimétrico), em dose única antes do esforço ou a cada 4 a 6 horas até melhora dos sintomas.",Outras doenças pulmonares obstrutivas crônicas,J44,"PCDT DPOC 2025 (Port. Conjunta SAES/SCTIE 29/2025, p. 15-22) + RENAME 2024",validado,Fabiano Tonaco Borges,posologia_j44_v1_2026-09,"PCDT DPOC 2025, Quadro 6, p. 19-20 (SABA). Nebulização: 2,5 mg diluídos em 2 a 4 mL de cloreto de sódio 0,9%, a cada 4 a 6 horas, para pacientes muito debilitados; em exacerbação aguda pode repetir a cada 20 minutos nas primeiras horas, sob monitoramento médico."
budesonida,"800 mcg/dia por via inalatória (400 mcg/dia pode ser tão eficaz, exceto em terapia tripla).",Outras doenças pulmonares obstrutivas crônicas,J44,"PCDT DPOC 2025 (Port. Conjunta SAES/SCTIE 29/2025, p. 15-22) + RENAME 2024",validado,Fabiano Tonaco Borges,posologia_j44_v1_2026-09,"PCDT DPOC 2025, Quadro 6, p. 21 (ICS). NÃO se preconiza corticoide inalatório isolado (monoterapia) na DPOC — a dose vale em terapia dupla/tripla. Considerar 400 mcg/dia em paciente com risco de pneumonia. Lavar a boca após o uso."
prednisona,"Em exacerbações moderadas e graves: 40 mg/dia, por via oral, por 5 dias.",Outras doenças pulmonares obstrutivas crônicas,J44,"PCDT DPOC 2025 (Port. Conjunta SAES/SCTIE 29/2025, p. 15-22) + RENAME 2024",validado,Fabiano Tonaco Borges,posologia_j44_v1_2026-09,"PCDT DPOC 2025, Quadro 6, p. 22. Comprimidos de 5 e 20 mg. Sem melhora no 5º dia, pode estender para 10 a 14 dias. Uso por mais de 3 semanas exige redução gradual (5 a 10 mg a cada 5 a 7 dias)."
clonazepam,"Transtorno de pânico: 2 a 4 mg/dia, por via oral, divididos em 2 tomadas.",Transtornos ansiosos,F41,"AMB/CFM Transtornos de Ansiedade 2008 (algoritmo de doses, p. 9) + RENAME 2024 (p. 94, 130)",validado,Fabiano Tonaco Borges,posologia_f41_v1_2026-09,"AMB/CFM 2008, algoritmo p. 9 (pânico, BZD de 3ª linha). O espectro eficaz nos ensaios foi de 1,5 a 4,0 mg/dia em 2 tomadas (p. 6); na prática clínica é comum o uso em 3 tomadas. Benzodiazepínico — uso por prazo curto."
clomipramina,"Transtorno de pânico: 100 a 150 mg/dia, por via oral.",Transtornos ansiosos,F41,"AMB/CFM Transtornos de Ansiedade 2008 (algoritmo de doses, p. 9) + RENAME 2024 (p. 94, 130)",validado,Fabiano Tonaco Borges,posologia_f41_v1_2026-09,"AMB/CFM 2008, algoritmo p. 9 (pânico, tricíclico de 2ª linha). Nos estudos controlados as doses eficazes ficaram em torno de 100 mg/dia (p. 5). Tricíclico: cuidado com superdose."
rifampicina,"Dose mensal supervisionada de 600 mg (PQT-U adulto), por via oral, em jejum (1 hora antes ou 2 horas após as refeições).",Hanseníase,A30,"PCDT Hanseníase 2022 (Port. SCTIE 67/2022, Quadro 1 p. 34-35 e p. 36-38)",validado,Fabiano Tonaco Borges,posologia_a30_v1_2026-09,"PCDT Hanseníase 2022, Quadro 1, p. 34-35. 30 a 50 kg: 450 mg; abaixo de 30 kg: 10 mg/kg. Suspensão 20 mg/mL disponível (nota b, p. 35)."
clofazimina,"Dose mensal supervisionada de 300 mg + 50 mg/dia autoadministrada (PQT-U adulto), por via oral.",Hanseníase,A30,"PCDT Hanseníase 2022 (Port. SCTIE 67/2022, Quadro 1 p. 34-35 e p. 36-38)",validado,Fabiano Tonaco Borges,posologia_a30_v1_2026-09,"PCDT Hanseníase 2022, Quadro 1, p. 34-35. 30 a 50 kg: 150 mg mensais + 50 mg em dias alternados; abaixo de 30 kg: 6 mg/kg mensal + 1 mg/kg/dia (fracionar semanalmente — nota c, p. 35)."
dapsona,"Dose mensal supervisionada de 100 mg + 100 mg/dia autoadministrada (PQT-U adulto), por via oral.",Hanseníase,A30,"PCDT Hanseníase 2022 (Port. SCTIE 67/2022, Quadro 1 p. 34-35 e p. 36-38)",validado,Fabiano Tonaco Borges,posologia_a30_v1_2026-09,"PCDT Hanseníase 2022, Quadro 1, p. 34-35. 30 a 50 kg: 50 mg; abaixo de 30 kg: 2 mg/kg. NUNCA em monoterapia — o histórico de resistência a matou (p. 31)."
prednisona,"Reação tipo 1 (reversa): iniciar 45 mg/dia (até 50 kg) ou 60 mg/dia (acima de 50 kg), por via oral, com desmame gradual ao longo de cerca de 5 meses.",Hanseníase,A30,"PCDT Hanseníase 2022 (Port. SCTIE 67/2022, Quadro 1 p. 34-35 e p. 36-38)",validado,Fabiano Tonaco Borges,posologia_a30_v1_2026-09,"PCDT Hanseníase 2022, p. 36. Medicamento de escolha na reação tipo 1. Doses acima de 1 mg/kg ou por mais de 3 meses em crianças: orientação pediátrica (p. 38)."
talidomida,"Reação tipo 2 (eritema nodoso hansênico): 100 a 400 mg/dia, por via oral, conforme a intensidade; reduzir gradualmente pela resposta.",Hanseníase,A30,"PCDT Hanseníase 2022 (Port. SCTIE 67/2022, Quadro 1 p. 34-35 e p. 36-38)",validado,Fabiano Tonaco Borges,posologia_a30_v1_2026-09,"PCDT Hanseníase 2022, p. 37. TERATOGÊNICA — lista C1 da Portaria SVS/MS 344/98, receita com notificação. Associada a corticoide, prescrever AAS 100 mg/dia como profilaxia de TEV (p. 37). Dose reduzida em idosos."
pentoxifilina,"Eritema nodoso hansênico: 400 mg, por via oral — alternativa à talidomida.",Hanseníase,A30,"PCDT Hanseníase 2022 (Port. SCTIE 67/2022, Quadro 1 p. 34-35 e p. 36-38)",validado,Fabiano Tonaco Borges,posologia_a30_v1_2026-09,"PCDT Hanseníase 2022, p. 37. Eficaz para sintomas sistêmicos e lesões nodulares desde a primeira semana."
ofloxacino,"Segunda linha (reação adversa à rifampicina ou à dapsona): 400 mg na dose mensal supervisionada e/ou diária, conforme os Quadros 4-5.",Hanseníase,A30,"PCDT Hanseníase 2022 (Port. SCTIE 67/2022, Quadro 1 p. 34-35 e p. 36-38)",validado,Fabiano Tonaco Borges,posologia_a30_v1_2026-09,"PCDT Hanseníase 2022, Quadros 4-6, p. 52-53. Em associação a clofazimina, com ou sem minociclina."
minociclina,Segunda linha: 100 mg no esquema mensal ou diário dos Quadros 4-5.,Hanseníase,A30,"PCDT Hanseníase 2022 (Port. SCTIE 67/2022, Quadro 1 p. 34-35 e p. 36-38)",validado,Fabiano Tonaco Borges,posologia_a30_v1_2026-09,"PCDT Hanseníase 2022, Quadros 4-6, p. 52-53. Alternativa à ofloxacina."
claritromicina,"500 mg, por via oral — arsenal alternativo do item 10.2.",Hanseníase,A30,"PCDT Hanseníase 2022 (Port. SCTIE 67/2022, Quadro 1 p. 34-35 e p. 36-38)",validado,Fabiano Tonaco Borges,posologia_a30_v1_2026-09,"PCDT Hanseníase 2022, p. 39. Uso conforme o esquema de segunda linha dos Quadros 4-6."
sulfato ferroso,"Adultos: 120 mg/dia de ferro elementar, por via oral. Crianças: 3 a 6 mg/kg/dia (máximo 60 mg/dia). Gestantes: 60 a 200 mg/dia. Idosos: 15 mg/dia. Tratar por 6 meses após a hemoglobina normalizar.",Anemia por deficiência de ferro,D50,"PCDT Anemia Ferropriva 2014 (Port. SAS/MS 1247/2014, item 8.4, p. 10)",validado,Fabiano Tonaco Borges,posologia_d50_v1_2026-09,"PCDT Anemia Ferropriva 2014, item 8.4, p. 10 (idosos também p. 15). Os 6 meses adicionais repõem as reservas (item 8.5). Na gestante o esquema associa 400 mcg/dia de ácido fólico (p. 10) — coadjuvante citado no esquema, NÃO fármaco do item 8.3. Para anemia ferropriva na doença renal crônica, ver o PCDT específico (p. 10)."
sacarato de hidróxido férrico,"Ferro total (mg) = (Hb desejada - Hb atual) x peso x 2,4 + 500. Infusão intravenosa lenta de 30 minutos, 1 a 3 vezes por semana, com pelo menos 48 horas de intervalo; máximo de 300 mg por dose.",Anemia por deficiência de ferro,D50,"PCDT Anemia Ferropriva 2014 (Port. SAS/MS 1247/2014, item 8.4, p. 10)",validado,Fabiano Tonaco Borges,posologia_d50_v1_2026-09,"PCDT Anemia Ferropriva 2014, item 8.4, p. 10. Via INTRAVENOSA HOSPITALAR: o PCDT determina que a dose seja administrada em hospital. Indicado na intolerância à via oral ou quando há urgência."
hidroxiureia,"Iniciar 15 mg/kg/dia, por via oral, em dose única; aumentar 5 mg/kg/dia a cada 4 semanas até o máximo de 35 mg/kg/dia ou até toxicidade. Tempo indeterminado enquanto houver resposta.",Doença falciforme,D57,"PCDT Doença Falciforme 2024 (Port. Conjunta SAES/SECTICS 16/2024, item 7.3.8 e Quadro 3, p. 18-19)",validado,Fabiano Tonaco Borges,posologia_d57_v1_2026-09,"PCDT Doença Falciforme 2024, p. 18. Citotóxica: cápsulas de 500 mg dissolvidas em água (a partir de 25 kg) ou comprimido revestido de 100 mg fracionável (abaixo de 25 kg), com manipulação em farmácia com boas práticas. Início e titulação são da hematologia. Suspender 3 meses antes da concepção (p. 21)."
ácido fólico,"1 mg/dia, por via oral. Na gravidez, 5 mg/dia. Abaixo de 1 ano ou 10 kg sem dosagem sérica: 2,5 mg 3 vezes por semana.",Doença falciforme,D57,"PCDT Doença Falciforme 2024 (Port. Conjunta SAES/SECTICS 16/2024, item 7.3.8 e Quadro 3, p. 18-19)",validado,Fabiano Tonaco Borges,posologia_d57_v1_2026-09,"PCDT Doença Falciforme 2024, p. 19 e p. 21. Repõe a demanda aumentada pela hemólise crônica."
fenoximetilpenicilina,"Profilaxia pneumocócica, do diagnóstico até os 5 anos de idade. De 15 a 25 kg: 250 mg (400.000 UI), por via oral, de 12 em 12 horas.",Doença falciforme,D57,"PCDT Doença Falciforme 2024 (Port. Conjunta SAES/SECTICS 16/2024, item 7.3.8 e Quadro 3, p. 18-19)",validado,Fabiano Tonaco Borges,posologia_d57_v1_2026-09,"PCDT Doença Falciforme 2024, Quadro 3, p. 19. Penicilina V oral."
benzilpenicilina benzatina,"Profilaxia por via intramuscular a cada 4 semanas, por peso: até 10 kg, 300.000 UI; de 10 a 20 kg, 600.000 UI; acima de 20 kg, 1.200.000 UI.",Doença falciforme,D57,"PCDT Doença Falciforme 2024 (Port. Conjunta SAES/SECTICS 16/2024, item 7.3.8 e Quadro 3, p. 18-19)",validado,Fabiano Tonaco Borges,posologia_d57_v1_2026-09,"PCDT Doença Falciforme 2024, Quadro 3, p. 19. Alternativa intramuscular à penicilina V oral. ATENÇÃO: dose distinta da usada na sífilis (2,4 milhões UI) — mesma substância, protocolos diferentes."
estolato de eritromicina,"Profilaxia em caso de alergia à penicilina: 20 mg/kg, por via oral, 2 vezes ao dia (40 mg/kg/dia).",Doença falciforme,D57,"PCDT Doença Falciforme 2024 (Port. Conjunta SAES/SECTICS 16/2024, item 7.3.8 e Quadro 3, p. 18-19)",validado,Fabiano Tonaco Borges,posologia_d57_v1_2026-09,"PCDT Doença Falciforme 2024, Quadro 3, p. 19."
alfaepoetina,"12.000 UI por semana, divididas em 3 aplicações de 4.000 UI, por via subcutânea ou intravenosa.",Doença falciforme,D57,"PCDT Doença Falciforme 2024 (Port. Conjunta SAES/SECTICS 16/2024, item 7.3.8 e Quadro 3, p. 18-19)",validado,Fabiano Tonaco Borges,posologia_d57_v1_2026-09,"PCDT Doença Falciforme 2024, p. 18. Anemia crônica em casos selecionados."
etinilestradiol + levonorgestrel,"1 comprimido (0,03 mg + 0,15 mg) ao dia, por via oral, durante 21 dias por mês.",Síndrome dos ovários policísticos,E28.2,"PCDT SOP 2019 (Port. Conjunta SAES/SCTIE 6/2019, item 1.6, p. 10)",validado,Fabiano Tonaco Borges,posologia_e28_v1_2026-09,"PCDT SOP 2019, item 1.6, p. 10. Em sangramento disfuncional, esquemas curtos de 3 a 4 comprimidos/dia por 4 a 5 dias."
acetato de medroxiprogesterona,"10 mg/dia, por via oral, durante 10 a 12 dias do ciclo.",Síndrome dos ovários policísticos,E28.2,"PCDT SOP 2019 (Port. Conjunta SAES/SCTIE 6/2019, item 1.6, p. 10)",validado,Fabiano Tonaco Borges,posologia_e28_v1_2026-09,"PCDT SOP 2019, item 1.6, p. 10."
noretisterona,"0,35 mg/dia, por via oral, em uso contínuo.",Síndrome dos ovários policísticos,E28.2,"PCDT SOP 2019 (Port. Conjunta SAES/SCTIE 6/2019, item 1.6, p. 10)",validado,Fabiano Tonaco Borges,posologia_e28_v1_2026-09,"PCDT SOP 2019, item 1.6, p. 10. Em uso contínuo tem efeito anticoncepcional."
ciproterona,"12,5, 25 ou 50 mg/dia, por via oral, no esquema 21/7, SEMPRE em associação ao anticoncepcional oral.",Síndrome dos ovários policísticos,E28.2,"PCDT SOP 2019 (Port. Conjunta SAES/SCTIE 6/2019, item 1.6, p. 10)",validado,Fabiano Tonaco Borges,posologia_e28_v1_2026-09,"PCDT SOP 2019, item 1.6, p. 10. O protocolo a prescreve associada, nunca isolada."
metformina,"Iniciar 500 mg, por via oral, após o jantar; aumentar 500 a 1.000 mg por semana até o máximo de 2.550 mg/dia. Liberação rápida: dividir em 2 a 3 tomadas; liberação prolongada: 1.000 mg 1 a 2 vezes ao dia.",Síndrome dos ovários policísticos,E28.2,"PCDT SOP 2019 (Port. Conjunta SAES/SCTIE 6/2019, item 1.6, p. 10)",validado,Fabiano Tonaco Borges,posologia_e28_v1_2026-09,"PCDT SOP 2019, item 1.6, p. 10. Mesmo teto do E11 (2.550 mg/dia), mas contexto e escalada distintos — na SOP o início é após o jantar. Tiazolidinedionas NÃO são recomendadas (p. 9)."
sinvastatina,"Tomar 1 comprimido (10 a 40 mg), por via oral, 1 vez ao dia, preferencialmente à noite. Iniciar com 20 mg; não exceder 80 mg/dia.",Dislipidemia,E78,"PCDT Dislipidemia 2019 (Port. Conjunta SAES/SCTIE 8/2019, Tabela 1 e item 7.4, p. 10)",validado,Fabiano Tonaco Borges,posologia_e78_v1_2026-09,"PCDT Dislipidemia 2019, Tabela 1, p. 10. A dose de 80 mg/dia associa-se a risco aumentado de toxicidade (nota ** da Tabela 1)."
atorvastatina,"Tomar 1 comprimido (10 a 80 mg), por via oral, 1 vez ao dia, preferencialmente à noite. Iniciar com 10 mg; não exceder 80 mg/dia.",Dislipidemia,E78,"PCDT Dislipidemia 2019 (Port. Conjunta SAES/SCTIE 8/2019, Tabela 1 e item 7.4, p. 10)",validado,Fabiano Tonaco Borges,posologia_e78_v1_2026-09,"PCDT Dislipidemia 2019, Tabela 1, p. 10. A dose de 80 mg é restrita a casos especiais; 10 mg é a dose usual (nota * da Tabela 1)."
pravastatina,"Tomar 1 comprimido (10 a 40 mg), por via oral, 1 vez ao dia, preferencialmente à noite. Iniciar com 20 mg; máximo de 40 mg/dia.",Dislipidemia,E78,"PCDT Dislipidemia 2019 (Port. Conjunta SAES/SCTIE 8/2019, Tabela 1 e item 7.4, p. 10)",validado,Fabiano Tonaco Borges,posologia_e78_v1_2026-09,"PCDT Dislipidemia 2019, Tabela 1, p. 10. Estatina de escolha em pacientes em uso de antirretrovirais (p. 5)."
bezafibrato,"Tomar 200 a 400 mg/dia, por via oral (comprimido de 200 mg ou liberação lenta de 400 mg), pela manhã, afastado das estatinas.",Dislipidemia,E78,"PCDT Dislipidemia 2019 (Port. Conjunta SAES/SCTIE 8/2019, Tabela 1 e item 7.4, p. 10)",validado,Fabiano Tonaco Borges,posologia_e78_v1_2026-09,"PCDT Dislipidemia 2019, Tabela 1 e item 7.4, p. 10. O horário afastado da estatina reduz o risco de toxicidade muscular."
ciprofibrato,"Tomar 1 comprimido de 100 mg, por via oral, 1 vez ao dia, pela manhã.",Dislipidemia,E78,"PCDT Dislipidemia 2019 (Port. Conjunta SAES/SCTIE 8/2019, Tabela 1 e item 7.4, p. 10)",validado,Fabiano Tonaco Borges,posologia_e78_v1_2026-09,"PCDT Dislipidemia 2019, Tabela 1, p. 10. Fibrato de dose fixa — a dose inicial é a máxima."
etofibrato,"Tomar 1 cápsula de 500 mg, por via oral, 1 vez ao dia, pela manhã.",Dislipidemia,E78,"PCDT Dislipidemia 2019 (Port. Conjunta SAES/SCTIE 8/2019, Tabela 1 e item 7.4, p. 10)",validado,Fabiano Tonaco Borges,posologia_e78_v1_2026-09,"PCDT Dislipidemia 2019, Tabela 1, p. 10. Fibrato de dose fixa."
fenofibrato,"Tomar 200 a 250 mg/dia, por via oral (cápsula de 200 mg ou liberação retardada de 250 mg), pela manhã.",Dislipidemia,E78,"PCDT Dislipidemia 2019 (Port. Conjunta SAES/SCTIE 8/2019, Tabela 1 e item 7.4, p. 10)",validado,Fabiano Tonaco Borges,posologia_e78_v1_2026-09,"PCDT Dislipidemia 2019, Tabela 1, p. 10. Pode ser combinado à estatina quando os triglicerídeos excedem 500 mg/dL (p. 8)."
genfibrozila,"Tomar 600 a 1.200 mg/dia, por via oral (comprimido de 600 ou 900 mg), pela manhã.",Dislipidemia,E78,"PCDT Dislipidemia 2019 (Port. Conjunta SAES/SCTIE 8/2019, Tabela 1 e item 7.4, p. 10)",validado,Fabiano Tonaco Borges,posologia_e78_v1_2026-09,"PCDT Dislipidemia 2019, Tabela 1, p. 10. NUNCA associar a estatinas — risco de rabdomiólise (p. 4, 8 e 10). Indicação restrita (p. 4)."
gemfibrozila,"Tomar 600 a 1.200 mg/dia, por via oral (comprimido de 600 ou 900 mg), pela manhã.",Dislipidemia,E78,"PCDT Dislipidemia 2019 (Port. Conjunta SAES/SCTIE 8/2019, Tabela 1 e item 7.4, p. 10)",validado,Fabiano Tonaco Borges,posologia_e78_v1_2026-09,"Row-alias de 'genfibrozila' (grafia DCB/PCDT) para a grafia internacional INN, comum na digitação do prescritor. Mesma Tabela 1, p. 10, e a mesma proibição: NUNCA associar a estatinas."
ácido nicotínico,"Iniciar 250 mg, por via oral, em dose única após o jantar; aumentar a cada 2 a 4 semanas conforme tolerância até 2 a 3 g/dia. Máximo de 3.000 mg/dia.",Dislipidemia,E78,"PCDT Dislipidemia 2019 (Port. Conjunta SAES/SCTIE 8/2019, Tabela 1 e item 7.4, p. 10)",validado,Fabiano Tonaco Borges,posologia_e78_v1_2026-09,"PCDT Dislipidemia 2019, item 7.4, p. 10. DIVERGÊNCIA INTERNA DA FONTE, registrada: a Tabela 1 (p. 10) diz dose inicial de 500 mg, a narrativa do item 7.4 (p. 10) diz 250 mg em dose única após o jantar, e o livro ISBN 2020 registra 250 mg com apresentações de 250/500/750 mg. Adotada a narrativa (250 mg). Reservado a intolerantes a estatina sem critério de fibrato (p. 4)."
bupropiona,Do 1º ao 3º dia: 1 comprimido de 150 mg pela manhã. Do 4º ao 84º dia: 150 mg pela manhã e 150 mg 8 horas após. Máximo de 300 mg/dia; a segunda dose nunca após as 16h.,Tabagismo,F17,"PCDT Tabagismo 2020 (Port. Conjunta SCTIE/SAES 10/2020, Tabela 1 p. 37-38 e item 7.5 p. 20-21)",validado,Fabiano Tonaco Borges,posologia_f17_v1_2026-09,"PCDT Tabagismo 2020, Tabela 1, p. 37-38. Comprimido inteiro — não partir nem triturar (risco de convulsão, 1:1.000 — p. 22). Idosos e pacientes com insuficiência renal ou hepática: 150 mg/dia (item 7.5.4, p. 21). Sujeito à Portaria SVS/MS 344/98. O PCDT grafa 'cloridrato de bupropiona'; a chave é 'bupropiona' porque o canon_ativo derruba o prefixo de sal — a mesma chave já usada no F32, sem row-alias."
adesivo de nicotina,"1ª a 4ª semana: 21 mg/24h. 5ª a 8ª: 14 mg/24h. 9ª a 12ª: 7 mg/24h. Dose inicial conforme cigarros/dia: 6 a 10 cigarros, 7 mg; 11 a 19, 14 mg; 20 ou mais, 21 mg. Não exceder 42 mg/dia.",Tabagismo,F17,"PCDT Tabagismo 2020 (Port. Conjunta SCTIE/SAES 10/2020, Tabela 1 p. 37-38 e item 7.5 p. 20-21)",validado,Fabiano Tonaco Borges,posologia_f17_v1_2026-09,"PCDT Tabagismo 2020, Tabela 1 p. 37 e item 7.5.2 p. 20. Aplicar pela manhã em área coberta, com rodízio de locais, no mesmo horário. Até 5 cigarros/dia: SEM adesivo — apenas goma ou pastilha. Iniciar só na data de cessação; nunca junto com o cigarro (7.5.1, p. 20)."
goma de nicotina,"1 goma de 2 mg nos momentos de fissura; não ultrapassar 5 gomas de 2 mg por dia. Mascar até o sabor ficar forte, estacionar na bochecha por cerca de 2 minutos e repetir por 30 minutos.",Tabagismo,F17,"PCDT Tabagismo 2020 (Port. Conjunta SCTIE/SAES 10/2020, Tabela 1 p. 37-38 e item 7.5 p. 20-21)",validado,Fabiano Tonaco Borges,posologia_f17_v1_2026-09,"PCDT Tabagismo 2020, Tabela 1, p. 37-38. Beber um copo de água antes, para neutralizar o pH. Contraindicada em lesão de mucosa, disfunção de ATM e prótese móvel."
pastilha de nicotina,"1 pastilha de 2 mg nos momentos de fissura; não ultrapassar 5 pastilhas de 2 mg por dia. Mover de lado a lado na boca até dissolver, em 20 a 30 minutos.",Tabagismo,F17,"PCDT Tabagismo 2020 (Port. Conjunta SCTIE/SAES 10/2020, Tabela 1 p. 37-38 e item 7.5 p. 20-21)",validado,Fabiano Tonaco Borges,posologia_f17_v1_2026-09,"PCDT Tabagismo 2020, Tabela 1, p. 37-38. Não partir, mastigar nem engolir; não comer ou beber com a pastilha na boca. Contraindicada em edema de Reinke e prótese móvel."
nicotina,"Terapia de reposição de nicotina combinada (PREFERENCIAL): adesivo no esquema de 12 semanas mais goma ou pastilha de 2 mg para a fissura. Em mais de 20 cigarros/dia pode-se associar adesivos (21+7, 21+14 ou 21+21 mg/dia), retirando 7 mg por semana.",Tabagismo,F17,"PCDT Tabagismo 2020 (Port. Conjunta SCTIE/SAES 10/2020, Tabela 1 p. 37-38 e item 7.5 p. 20-21)",validado,Fabiano Tonaco Borges,posologia_f17_v1_2026-09,"PCDT Tabagismo 2020, p. 19 (preferencial) e itens 7.5.2/7.5.3, p. 20-21. Row-âncora da substância: as três formas têm rows próprias ('adesivo de nicotina', 'goma de nicotina', 'pastilha de nicotina'), porque a prescrição do PNCT nomeia a forma e o canon_ativo normaliza sal e dose, mas NÃO forma farmacêutica (verificado no código). NOTA DE DIVERGÊNCIA INTERNA DA FONTE: o item 7.5.2a (p. 20) cita gomas/pastilhas de 4 mg para quem fuma até 5 cigarros/dia, mas o elenco 7.3 e a Tabela 1 só trazem 2 mg — seguida a apresentação do elenco oficial."
levodopa + benserazida,"Iniciar 200/50 mg/dia, por via oral, em pelo menos 2 administrações. Dose média eficaz de 600 a 750 mg/dia; máximo de 2.000 mg/dia de levodopa.",Doença de Parkinson,G20,"PCDT Parkinson 2025 (Port. Conjunta SAES/SECTICS 16/2025, Quadro 5, p. 15-17)",validado,Fabiano Tonaco Borges,posologia_g20_v1_2026-09,"PCDT Parkinson 2025, Quadro 5, p. 15. Fase inicial e fase avançada."
levodopa + carbidopa,"Iniciar 250/25 mg/dia, por via oral, em pelo menos 2 administrações. Máximo de 2.000 mg/dia de levodopa.",Doença de Parkinson,G20,"PCDT Parkinson 2025 (Port. Conjunta SAES/SECTICS 16/2025, Quadro 5, p. 15-17)",validado,Fabiano Tonaco Borges,posologia_g20_v1_2026-09,"PCDT Parkinson 2025, Quadro 5, p. 15. Fase inicial e fase avançada."
pramipexol,"Iniciar 0,375 mg/dia, por via oral, em 3 tomadas; aumentar a cada 5 a 7 dias. Manutenção de 0,375 a 4,5 mg/dia.",Doença de Parkinson,G20,"PCDT Parkinson 2025 (Port. Conjunta SAES/SECTICS 16/2025, Quadro 5, p. 15-17)",validado,Fabiano Tonaco Borges,posologia_g20_v1_2026-09,"PCDT Parkinson 2025, Quadro 5, p. 16. Fase inicial e fase avançada; uma das opções de monoterapia inicial (p. 10)."
rasagilina,"Tomar 1 mg/dia, por via oral.",Doença de Parkinson,G20,"PCDT Parkinson 2025 (Port. Conjunta SAES/SECTICS 16/2025, Quadro 5, p. 15-17)",validado,Fabiano Tonaco Borges,posologia_g20_v1_2026-09,"PCDT Parkinson 2025, Quadro 5, p. 16. Fase inicial e fase avançada. A selegilina foi DESCONTINUADA no Brasil e a migração para rasagilina se faz sem redução gradual (p. 10)."
amantadina,"100 mg de 12 em 12 horas quando isolada. Iniciar 100 mg/dia, podendo chegar a 400 mg/dia. Retirada gradual em 1 a 2 semanas.",Doença de Parkinson,G20,"PCDT Parkinson 2025 (Port. Conjunta SAES/SECTICS 16/2025, Quadro 5, p. 15-17)",validado,Fabiano Tonaco Borges,posologia_g20_v1_2026-09,"PCDT Parkinson 2025, Quadro 5, p. 16. Fase inicial e avançada (discinesias), com a ressalva de uso da p. 12."
entacapona,"200 mg com cada dose de levodopa, por via oral. Máximo de 2 g/dia.",Doença de Parkinson,G20,"PCDT Parkinson 2025 (Port. Conjunta SAES/SECTICS 16/2025, Quadro 5, p. 15-17)",validado,Fabiano Tonaco Borges,posologia_g20_v1_2026-09,"PCDT Parkinson 2025, Quadro 5, p. 16. Fase avançada (flutuação motora). O protocolo rechaça o uso com o intuito de induzir discinesias (p. 11-12)."
triexifenidil,"Iniciar 0,5 a 1 mg 2 vezes ao dia, por via oral, com incrementos a cada 3 a 5 dias. Usual até 10 mg/dia; máximo de 15 mg/dia.",Doença de Parkinson,G20,"PCDT Parkinson 2025 (Port. Conjunta SAES/SECTICS 16/2025, Quadro 5, p. 15-17)",validado,Fabiano Tonaco Borges,posologia_g20_v1_2026-09,"PCDT Parkinson 2025, Quadro 5, p. 16. Fase inicial e avançada, no tremor predominante."
biperideno,"2 a 8 mg/dia, por via oral, iniciando com 1 mg 2 vezes ao dia. Não interromper abruptamente.",Doença de Parkinson,G20,"PCDT Parkinson 2025 (Port. Conjunta SAES/SECTICS 16/2025, Quadro 5, p. 15-17)",validado,Fabiano Tonaco Borges,posologia_g20_v1_2026-09,"PCDT Parkinson 2025, Quadro 5, p. 16. Fase inicial e fase avançada."
clozapina,"Iniciar 12,5 mg/dia, por via oral, aumentando 12,5 mg por vez (no máximo 2 aumentos por semana). Média de 25 a 37,5 mg/dia; NUNCA acima de 100 mg/dia.",Doença de Parkinson,G20,"PCDT Parkinson 2025 (Port. Conjunta SAES/SECTICS 16/2025, Quadro 5, p. 15-17)",validado,Fabiano Tonaco Borges,posologia_g20_v1_2026-09,"PCDT Parkinson 2025, Quadro 5, p. 17. CONDIÇÃO ESPECIAL: psicose na doença de Parkinson."
rivastigmina,"Oral: 1,5 mg 2 vezes ao dia, até o máximo de 6 mg 2 vezes ao dia. Adesivo: 9 mg/24h, passando a 18 mg/24h após pelo menos 4 semanas.",Doença de Parkinson,G20,"PCDT Parkinson 2025 (Port. Conjunta SAES/SECTICS 16/2025, Quadro 5, p. 15-17)",validado,Fabiano Tonaco Borges,posologia_g20_v1_2026-09,"PCDT Parkinson 2025, Quadro 5, p. 17. CONDIÇÃO ESPECIAL: declínio cognitivo na doença de Parkinson. Mesma substância do elenco do G30 (Alzheimer), com esquema próprio — a chave composta (ativo, CID) mantém as duas."
donepezila,"Tomar 5 mg/dia, por via oral, com ou sem alimentos; pode aumentar para 10 mg/dia após 4 a 6 semanas.",Doença de Alzheimer,G30,"PCDT Doença de Alzheimer 2025 (Port. Conjunta SAES/SCTIE 27/2025, Quadro 5, p. 13)",validado,Fabiano Tonaco Borges,posologia_g30_v1_2026-09,"PCDT Alzheimer 2025, Quadro 5, p. 13. Na DA grave, donepezila ou memantina em monoterapia ou combinadas (p. 12). O PCDT grafa 'cloridrato de donepezila'; a chave é a forma nua porque o canon_ativo derruba o prefixo de sal."
galantamina,"Tomar 8 mg/dia (cápsula de liberação prolongada), por via oral, pela manhã com alimentos, por 4 semanas; manutenção de 16 mg/dia; máximo de 24 mg/dia.",Doença de Alzheimer,G30,"PCDT Doença de Alzheimer 2025 (Port. Conjunta SAES/SCTIE 27/2025, Quadro 5, p. 13)",validado,Fabiano Tonaco Borges,posologia_g30_v1_2026-09,"PCDT Alzheimer 2025, Quadro 5, p. 13. Insuficiência hepática ou renal moderada: máximo de 16 mg/dia."
rivastigmina,"Tomar 3 mg/dia (cápsula), por via oral, dividida em 2 administrações com as refeições; aumentar 3 mg/dia a cada 2 semanas conforme tolerância. Máximo de 12 mg/dia.",Doença de Alzheimer,G30,"PCDT Doença de Alzheimer 2025 (Port. Conjunta SAES/SCTIE 27/2025, Quadro 5, p. 13)",validado,Fabiano Tonaco Borges,posologia_g30_v1_2026-09,"PCDT Alzheimer 2025, Quadro 5, p. 13, e Quadro 6, p. 13-14. Alternativa em adesivo transdérmico: 5 cm2 passando a 10 cm2 após pelo menos 4 semanas, com troca a cada 24 horas — row única por substância, como o protocolo a apresenta. Mesma substância do elenco do G20 (Parkinson), com esquema próprio."
memantina,"Tomar 5 mg/dia (meio comprimido) na 1ª semana, aumentando 5 mg por semana até 20 mg/dia (10 mg 2 vezes ao dia) na 4ª semana.",Doença de Alzheimer,G30,"PCDT Doença de Alzheimer 2025 (Port. Conjunta SAES/SCTIE 27/2025, Quadro 5, p. 13)",validado,Fabiano Tonaco Borges,posologia_g30_v1_2026-09,"PCDT Alzheimer 2025, Quadro 5, p. 13. Insuficiência renal moderada (DCE 30-49): iniciar 10 mg/dia; grave (5-29): manter 10 mg/dia. As apresentações em solução e orodispersível NÃO foram incorporadas (p. 12)."
ácido valproico,"Iniciar 250 mg/dia, por via oral, escalonando 250 mg a cada 3 dias, em 2 administrações ao dia, após os alimentos. Máximo de 3.000 mg/dia.",Epilepsia,G40,"PCDT Epilepsia 2018 (Port. Conjunta 17/2018, item 7.3, p. 23-27)",validado,Fabiano Tonaco Borges,posologia_g40_v1_2026-09,"PCDT Epilepsia 2018, item 7.3, p. 23. Intolerância gástrica: tomar após alimentação. Mulher em idade fértil e gestante: caso especial do PCDT (teratogenicidade)."
valproato de sódio,"Iniciar 250 mg/dia, por via oral, escalonando 250 mg a cada 3 dias, em 2 administrações ao dia, após os alimentos. Máximo de 3.000 mg/dia.",Epilepsia,G40,"PCDT Epilepsia 2018 (Port. Conjunta 17/2018, item 7.3, p. 23-27)",validado,Fabiano Tonaco Borges,posologia_g40_v1_2026-09,"Row-alias de 'ácido valproico' (chave distinta: o canon_ativo resolve para 'valproato'). Mesmo esquema do item 7.3, p. 23. A RENAME 2024 lista apenas 'ácido valproico' — ver a fonte da row do semáforo."
carbamazepina,"Adulto: iniciar 200 mg/dia, por via oral, escalonando 200 mg por semana. Máximo de 1.800 mg/dia. Se não for de liberação lenta, dividir em 3 a 4 tomadas ao dia, após os alimentos.",Epilepsia,G40,"PCDT Epilepsia 2018 (Port. Conjunta 17/2018, item 7.3, p. 23-27)",validado,Fabiano Tonaco Borges,posologia_g40_v1_2026-09,"PCDT Epilepsia 2018, item 7.3, p. 23-27. Crianças de 6 a 12 anos: 100 mg/dia até 600-1.000 mg/dia; abaixo de 6 anos: 5-10 mg/kg/dia até 35 mg/kg/dia. Primeira escolha nas crises focais (p. 45)."
clobazam,"Iniciar 5 a 10 mg/dia, por via oral, escalonando 5 mg por semana, em 1 a 2 tomadas. Máximo de 40 mg/dia.",Epilepsia,G40,"PCDT Epilepsia 2018 (Port. Conjunta 17/2018, item 7.3, p. 23-27)",validado,Fabiano Tonaco Borges,posologia_g40_v1_2026-09,"PCDT Epilepsia 2018, item 7.3, p. 23-27. Adjuvante em crises parciais ou generalizadas refratárias; admite terapia intermitente (catamenial)."
clonazepam,"Iniciar 0,25 mg/dia, por via oral, escalonando 0,25 mg por semana, em 1 a 2 tomadas. Máximo de 10 mg/dia.",Epilepsia,G40,"PCDT Epilepsia 2018 (Port. Conjunta 17/2018, item 7.3, p. 23-27)",validado,Fabiano Tonaco Borges,posologia_g40_v1_2026-09,"PCDT Epilepsia 2018, item 7.3, p. 23-27. Crises mioclônicas; dose única noturna de 0,5 a 2 mg é frequentemente efetiva (p. 12). Mesma substância do elenco do F41, com esquema próprio."
etossuximida,"Iniciar 250 mg/dia, por via oral, escalonando 250 mg por semana, em 2 a 3 tomadas. Máximo de 1.500 mg/dia.",Epilepsia,G40,"PCDT Epilepsia 2018 (Port. Conjunta 17/2018, item 7.3, p. 23-27)",validado,Fabiano Tonaco Borges,posologia_g40_v1_2026-09,"PCDT Epilepsia 2018, item 7.3, p. 23-27. Ausências típicas a partir de 3 anos; adjuvante em mioclonias negativas."
fenitoína,"Iniciar 100 mg/dia, por via oral, escalonando 100 mg por semana, em 1 a 2 tomadas. Máximo de 500 mg/dia.",Epilepsia,G40,"PCDT Epilepsia 2018 (Port. Conjunta 17/2018, item 7.3, p. 23-27)",validado,Fabiano Tonaco Borges,posologia_g40_v1_2026-09,"PCDT Epilepsia 2018, item 7.3, p. 23-27. CONTRAINDICADA em ausências e em crises mioclônicas (p. 13); janela terapêutica estreita."
fenobarbital,"Iniciar 50 mg/dia, por via oral, escalonando 50 mg por semana, em dose única diária. Máximo de 300 mg/dia.",Epilepsia,G40,"PCDT Epilepsia 2018 (Port. Conjunta 17/2018, item 7.3, p. 23-27)",validado,Fabiano Tonaco Borges,posologia_g40_v1_2026-09,"PCDT Epilepsia 2018, item 7.3, p. 23-27. Menos tolerado que a carbamazepina (p. 11)."
gabapentina,"Iniciar 15 mg/kg/dia ou 300 mg/dia, por via oral, escalonando 300 mg/dia, em 3 tomadas. Máximo de 3.600 mg/dia (50 a 100 mg/kg/dia).",Epilepsia,G40,"PCDT Epilepsia 2018 (Port. Conjunta 17/2018, item 7.3, p. 23-27)",validado,Fabiano Tonaco Borges,posologia_g40_v1_2026-09,"PCDT Epilepsia 2018, item 7.3, p. 23-27. O próprio protocolo a desaconselha como escolha principal (p. 45). Mesma substância do elenco do R52.2, com esquema próprio."
lamotrigina,"Monoterapia: 25 mg/dia por 2 semanas, 50 mg/dia por 2 semanas, escalonando 50 a 100 mg a cada 1 a 2 semanas. Máximo de 500 mg/dia.",Epilepsia,G40,"PCDT Epilepsia 2018 (Port. Conjunta 17/2018, item 7.3, p. 23-27)",validado,Fabiano Tonaco Borges,posologia_g40_v1_2026-09,"PCDT Epilepsia 2018, item 7.3, p. 23-27. Associada a valproato: iniciar 25 mg EM DIAS ALTERNADOS (metade da velocidade); com indutores enzimáticos, até 700 mg/dia. O risco de erupção cutânea exige escalonamento lento."
levetiracetam,"Adulto com 50 kg ou mais: iniciar 1.000 mg/dia, por via oral, escalonando 1.000 mg a cada 2 a 4 semanas, em 2 tomadas. Máximo de 3.000 mg/dia.",Epilepsia,G40,"PCDT Epilepsia 2018 (Port. Conjunta 17/2018, item 7.3, p. 23-27)",validado,Fabiano Tonaco Borges,posologia_g40_v1_2026-09,"PCDT Epilepsia 2018, item 7.3, p. 23-27 (apresentações p. 25). Crianças abaixo de 50 kg: 20 a 60 mg/kg/dia; lactentes de 1 a 6 meses: 14 a 42 mg/kg/dia. Comprimidos de 500 e 1.000 mg incorporados pela Portaria SCTIE/MS 67/2021 (p. 44)."
primidona,"Iniciar 100 mg/dia, por via oral, escalonando 100 mg por semana, em 3 tomadas. Máximo de 750 mg/dia.",Epilepsia,G40,"PCDT Epilepsia 2018 (Port. Conjunta 17/2018, item 7.3, p. 23-27)",validado,Fabiano Tonaco Borges,posologia_g40_v1_2026-09,"PCDT Epilepsia 2018, item 7.3, p. 23-27. Efeitos adversos semelhantes aos do fenobarbital."
topiramato,"Adulto, como adjuvante: iniciar 25 a 50 mg/dia, por via oral, escalonando 25 a 50 mg por semana, em 2 tomadas. Máximo de 400 mg/dia.",Epilepsia,G40,"PCDT Epilepsia 2018 (Port. Conjunta 17/2018, item 7.3, p. 23-27)",validado,Fabiano Tonaco Borges,posologia_g40_v1_2026-09,"PCDT Epilepsia 2018, item 7.3, p. 23-27. Crianças a partir de 2 anos: 1 a 3 mg/kg/dia até 5 a 9 mg/kg/dia; abaixo de 6 anos o esquema foi alterado em abril de 2026 (p. 44). Insuficiência renal: metade da dose (p. 27)."
vigabatrina,"Iniciar 500 mg/dia, por via oral, escalonando 500 mg por semana, em 1 a 2 tomadas. Máximo de 3.000 mg/dia.",Epilepsia,G40,"PCDT Epilepsia 2018 (Port. Conjunta 17/2018, item 7.3, p. 23-27)",validado,Fabiano Tonaco Borges,posologia_g40_v1_2026-09,"PCDT Epilepsia 2018, item 7.3, p. 23-27. Defeitos do campo visual (TER, p. 40). Na síndrome de Angelman piora as crises (alteração de julho de 2025, p. 44)."
acetato de hidrocortisona,"Aplicar camada fina do creme 2 a 3 vezes ao dia, sob ligeira fricção; após a melhora, 1 vez ao dia na maioria dos casos.",Dermatite atópica,L20,"PCDT Dermatite Atópica 2025 (Port. Conjunta 28/2025, item 6.5, p. 21-23)",validado,Fabiano Tonaco Borges,posologia_l20_v1_2026-09,"PCDT Dermatite Atópica 2025, item 6.5, p. 21. Em lactentes e crianças abaixo de 4 anos, não prolongar por mais de 3 semanas."
dexametasona,"Aplicar o creme 1 a 3 vezes ao dia, por períodos inferiores a 30 dias; manutenção 2 vezes por semana.",Dermatite atópica,L20,"PCDT Dermatite Atópica 2025 (Port. Conjunta 28/2025, item 6.5, p. 21-23)",validado,Fabiano Tonaco Borges,posologia_l20_v1_2026-09,"PCDT Dermatite Atópica 2025, item 6.5, p. 21. Evitar uso prolongado de corticoide tópico."
tacrolimo,"Iniciar com pomada de 1 mg/g, 2 vezes ao dia, até o desaparecimento da lesão; manutenção de 0,3 a 1 mg/g, 1 vez ao dia, 2 vezes por semana nas áreas recorrentes, com 2 a 3 dias de intervalo entre as aplicações.",Dermatite atópica,L20,"PCDT Dermatite Atópica 2025 (Port. Conjunta 28/2025, item 6.5, p. 21-23)",validado,Fabiano Tonaco Borges,posologia_l20_v1_2026-09,"PCDT Dermatite Atópica 2025, item 6.5, p. 21. A partir de 16 anos, iniciar com 1 mg/g; de 2 a 16 anos, conforme bula. Indicado acima de 2 anos."
ciclosporina,"Por via oral, dose conforme o curso da doença (fase aguda até a remissão; manutenção para evitar recorrência). Uso por 8 a 12 meses, extensível por mais 1 ano se bem tolerada; desmame reduzindo 0,5 a 1,0 mg/kg/dia a cada 2 semanas.",Dermatite atópica,L20,"PCDT Dermatite Atópica 2025 (Port. Conjunta 28/2025, item 6.5, p. 21-23)",validado,Fabiano Tonaco Borges,posologia_l20_v1_2026-09,"PCDT Dermatite Atópica 2025, item 6.5, p. 21. Incorporada em 2022 para a forma moderada a grave, sem restrição de idade (p. 17). NEFROTOXICIDADE — monitorar a função renal."
metotrexato,"A partir de 16 anos: 15 a 25 mg POR SEMANA, por via oral ou injetável. De 2 a 16 anos: 0,4 a 0,6 mg/kg por semana (10 a 15 mg/m2 por semana).",Dermatite atópica,L20,"PCDT Dermatite Atópica 2025 (Port. Conjunta 28/2025, item 6.5, p. 21-23)",validado,Fabiano Tonaco Borges,posologia_l20_v1_2026-09,"PCDT Dermatite Atópica 2025, item 6.5, p. 22. A dose é SEMANAL, nunca diária. Suplementar ácido fólico. Mesma substância do elenco do L40 (psoríase), com esquema próprio — a chave composta (ativo, CID) mantém os dois."
upadacitinibe,"Tomar 15 mg/dia, por via oral, inteiro com água, aproximadamente no mesmo horário.",Dermatite atópica,L20,"PCDT Dermatite Atópica 2025 (Port. Conjunta 28/2025, item 6.5, p. 21-23)",validado,Fabiano Tonaco Borges,posologia_l20_v1_2026-09,"PCDT Dermatite Atópica 2025, item 6.5, p. 23. VERDE APENAS na população do Quadro 9: 12 a menos de 18 anos, com peso igual ou superior a 40 kg, na forma refratária. Em ADULTOS não foi incorporado (Portaria SECTICS 53/2025, p. 21) — o semáforo não distingue idade, e a row informa. Não partir, abrir nem mastigar."
clobetasol,"Creme ou solução capilar a 0,05%, 1 a 3 vezes ao dia, por menos de 30 dias; manutenção 2 vezes por semana. Máximo de 50 g por semana.",Psoríase,L40,"PCDT Psoríase 2021 (Port. Conjunta SAES/SCTIE 18/2021, item 7.4, p. 17-22)",validado,Fabiano Tonaco Borges,posologia_l40_v1_2026-09,"PCDT Psoríase 2021, item 7.4, p. 17. Corticosteroide tópico de alta potência, para as placas."
dexametasona,"Creme a 0,1%, 1 a 3 vezes ao dia, por menos de 30 dias.",Psoríase,L40,"PCDT Psoríase 2021 (Port. Conjunta SAES/SCTIE 18/2021, item 7.4, p. 17-22)",validado,Fabiano Tonaco Borges,posologia_l40_v1_2026-09,"PCDT Psoríase 2021, item 7.4, p. 17. É o corticosteroide que o protocolo destina à pele fina e às pregas. A associação calcipotriol + betametasona pedida na consulta pública NÃO entrou (p. 47) — betametasona acende 🟡, e é honesto. Mesma substância do elenco do L20, com esquema próprio."
calcipotriol,Pomada 2 vezes ao dia; manutenção 1 vez ao dia. Máximo de 100 g por semana.,Psoríase,L40,"PCDT Psoríase 2021 (Port. Conjunta SAES/SCTIE 18/2021, item 7.4, p. 17-22)",validado,Fabiano Tonaco Borges,posologia_l40_v1_2026-09,"PCDT Psoríase 2021, item 7.4, p. 17. Análogo da vitamina D."
ácido salicílico,"Pomada a 5%, 1 vez ao dia, nas lesões hiperceratóticas.",Psoríase,L40,"PCDT Psoríase 2021 (Port. Conjunta SAES/SCTIE 18/2021, item 7.4, p. 17-22)",validado,Fabiano Tonaco Borges,posologia_l40_v1_2026-09,"PCDT Psoríase 2021, item 7.4, p. 17. Queratolítico tópico."
alcatrão mineral,"Pomada a 1%, uso diário.",Psoríase,L40,"PCDT Psoríase 2021 (Port. Conjunta SAES/SCTIE 18/2021, item 7.4, p. 17-22)",validado,Fabiano Tonaco Borges,posologia_l40_v1_2026-09,"PCDT Psoríase 2021, item 7.4, p. 17."
acitretina,"Iniciar 25 mg/dia, por via oral, com aumento gradual até o máximo de 75 mg/dia (0,5 a 1 mg/kg/dia). Usual: 25 mg em dias alternados a 50 mg/dia.",Psoríase,L40,"PCDT Psoríase 2021 (Port. Conjunta SAES/SCTIE 18/2021, item 7.4, p. 17-22)",validado,Fabiano Tonaco Borges,posologia_l40_v1_2026-09,"PCDT Psoríase 2021, item 7.4, p. 19. Primeira linha na psoríase pustulosa; segunda na forma em placas (p. 15)."
metotrexato,"15 mg POR SEMANA como dose inicial, por via oral, subcutânea ou intramuscular, em dose única semanal ou em 3 tomadas de 12 em 12 horas. Faixa de 7,5 a 25 mg por semana. Suplementar ácido fólico 5 mg por semana, 24 a 48 horas após.",Psoríase,L40,"PCDT Psoríase 2021 (Port. Conjunta SAES/SCTIE 18/2021, item 7.4, p. 17-22)",validado,Fabiano Tonaco Borges,posologia_l40_v1_2026-09,"PCDT Psoríase 2021, item 7.4, p. 19-20. PRIMEIRA LINHA na psoríase em placas (p. 15). A dose é SEMANAL. Mesma substância do elenco do L20, com esquema próprio."
ciclosporina,"Iniciar 2,5 mg/kg/dia, por via oral, em 2 tomadas; aumentar 0,5 mg/kg a cada 2 a 4 semanas até o máximo de 5 mg/kg/dia. Cursos de até 12 semanas; no máximo 2 anos.",Psoríase,L40,"PCDT Psoríase 2021 (Port. Conjunta SAES/SCTIE 18/2021, item 7.4, p. 17-22)",validado,Fabiano Tonaco Borges,posologia_l40_v1_2026-09,"PCDT Psoríase 2021, item 7.4, p. 20. Indução em curso intermitente. Mesma substância do elenco do L20, com esquema próprio."
adalimumabe,"Por via subcutânea: 80 mg na dose inicial (2 injeções), depois 40 mg. Escalonável para 40 mg a cada 7 dias ou 80 mg a cada 14 dias.",Psoríase,L40,"PCDT Psoríase 2021 (Port. Conjunta SAES/SCTIE 18/2021, item 7.4, p. 17-22)",validado,Fabiano Tonaco Borges,posologia_l40_v1_2026-09,"PCDT Psoríase 2021, item 7.4, p. 21-22. BIOLÓGICO — componente especializado da assistência farmacêutica, com solicitação e dispensação próprias; destinado à forma moderada a grave com falha de sistêmico. O semáforo informa, não proíbe."
etanercepte,"Por via subcutânea: 25 mg ou 50 mg, semanalmente.",Psoríase,L40,"PCDT Psoríase 2021 (Port. Conjunta SAES/SCTIE 18/2021, item 7.4, p. 17-22)",validado,Fabiano Tonaco Borges,posologia_l40_v1_2026-09,"PCDT Psoríase 2021, item 7.4, p. 22. BIOLÓGICO — componente especializado."
secuquinumabe,"Por via subcutânea: 300 mg (2 aplicações de 150 mg) nas semanas 0, 1, 2, 3 e 4 e, depois, a cada 4 semanas.",Psoríase,L40,"PCDT Psoríase 2021 (Port. Conjunta SAES/SCTIE 18/2021, item 7.4, p. 17-22)",validado,Fabiano Tonaco Borges,posologia_l40_v1_2026-09,"PCDT Psoríase 2021, item 7.4, p. 21-22. BIOLÓGICO — componente especializado."
ustequinumabe,"Por via subcutânea: 45 mg nas semanas 0 e 4 e, depois, a cada 12 semanas. Acima de 100 kg, 90 mg.",Psoríase,L40,"PCDT Psoríase 2021 (Port. Conjunta SAES/SCTIE 18/2021, item 7.4, p. 17-22)",validado,Fabiano Tonaco Borges,posologia_l40_v1_2026-09,"PCDT Psoríase 2021, item 7.4, p. 22. BIOLÓGICO — componente especializado."
risanquizumabe,"Por via subcutânea: 150 mg (uma aplicação de 150 mg ou duas de 75 mg) nas semanas 0 e 4 e, depois, a cada 12 semanas.",Psoríase,L40,"PCDT Psoríase 2021 (Port. Conjunta SAES/SCTIE 18/2021, item 7.4, p. 17-22)",validado,Fabiano Tonaco Borges,posologia_l40_v1_2026-09,"PCDT Psoríase 2021, item 7.4, p. 22. BIOLÓGICO — componente especializado. A apresentação de 150 mg/mL entrou na Rename pela deliberação da 139ª Conitec, abril de 2025 (Apêndice 2, p. 46)."
alendronato de sódio,"Tomar 10 mg/dia OU 70 mg 1 vez por semana, por via oral, em jejum, com 200 mL de água; permanecer sentado ou em pé por 30 a 60 minutos.",Osteoporose,M81,"PCDT Osteoporose 2025 (Port. Conjunta SAES/SECTICS 22/2025, item 7.2.8, p. 12-13)",validado,Fabiano Tonaco Borges,posologia_m81_v1_2026-09,"PCDT Osteoporose 2025, item 7.2.8, p. 12. Primeira linha, com cálcio e vitamina D (p. 9). Não usar se a depuração de creatinina for inferior a 35 (p. 10)."
risedronato sódico,"Tomar 35 mg, 1 vez por semana, por via oral, em jejum, 30 minutos antes da primeira refeição; permanecer sentado ou em pé por 30 minutos.",Osteoporose,M81,"PCDT Osteoporose 2025 (Port. Conjunta SAES/SECTICS 22/2025, item 7.2.8, p. 12-13)",validado,Fabiano Tonaco Borges,posologia_m81_v1_2026-09,"PCDT Osteoporose 2025, item 7.2.8, p. 12. Primeira linha. Monitorar a função renal pré-existente a cada 1 a 3 meses (p. 10)."
ácido zoledrônico,"5 mg, por via intravenosa, 1 vez ao ano.",Osteoporose,M81,"PCDT Osteoporose 2025 (Port. Conjunta SAES/SECTICS 22/2025, item 7.2.8, p. 12-13)",validado,Fabiano Tonaco Borges,posologia_m81_v1_2026-09,"PCDT Osteoporose 2025, item 7.2.8, p. 12. Para intolerância aos orais ou dificuldade de deglutição (p. 9-10)."
pamidronato dissódico,"60 mg, por via intravenosa, a cada 3 meses, diluído em 500 mL de soro fisiológico 0,9%, em infusão de no mínimo 2 horas.",Osteoporose,M81,"PCDT Osteoporose 2025 (Port. Conjunta SAES/SECTICS 22/2025, item 7.2.8, p. 12-13)",validado,Fabiano Tonaco Borges,posologia_m81_v1_2026-09,"PCDT Osteoporose 2025, item 7.2.8, p. 12. APENAS se o ácido zoledrônico estiver indisponível ou contraindicado (p. 11)."
carbonato de cálcio,"Tomar 500 a 1.400 mg/dia de cálcio elementar, por via oral, fracionando no máximo 500 mg por vez.",Osteoporose,M81,"PCDT Osteoporose 2025 (Port. Conjunta SAES/SECTICS 22/2025, item 7.2.8, p. 12-13)",validado,Fabiano Tonaco Borges,posologia_m81_v1_2026-09,"PCDT Osteoporose 2025, item 7.2.8, p. 12. Meta de 1.000 a 1.200 mg/dia; abaixo de 1.400 mg/dia por segurança cardiovascular (p. 9). Base do tratamento, junto da vitamina D."
carbonato de cálcio + colecalciferol,"1 comprimido, 1 a 2 vezes ao dia, conforme a apresentação (500 a 600 mg de cálcio elementar + 200 a 400 UI de colecalciferol).",Osteoporose,M81,"PCDT Osteoporose 2025 (Port. Conjunta SAES/SECTICS 22/2025, item 7.2.8, p. 12-13)",validado,Fabiano Tonaco Borges,posologia_m81_v1_2026-09,"PCDT Osteoporose 2025, item 7.2.8, p. 12. Colecalciferol: 800 a 1.000 UI/dia; em idosos a partir de 60 anos, até 2.000 UI/dia (p. 9-10)."
fosfato de cálcio tribásico + colecalciferol,"600 a 1.200 mg/dia de cálcio elementar, por via oral, fracionando no máximo 600 mg por vez, com 400 UI de colecalciferol por comprimido.",Osteoporose,M81,"PCDT Osteoporose 2025 (Port. Conjunta SAES/SECTICS 22/2025, item 7.2.8, p. 12-13)",validado,Fabiano Tonaco Borges,posologia_m81_v1_2026-09,"PCDT Osteoporose 2025, item 7.2.8, p. 12. Alternativa de reposição associada."
raloxifeno,"Tomar 60 mg por dia, por via oral.",Osteoporose,M81,"PCDT Osteoporose 2025 (Port. Conjunta SAES/SECTICS 22/2025, item 7.2.8, p. 12-13)",validado,Fabiano Tonaco Borges,posologia_m81_v1_2026-09,"PCDT Osteoporose 2025, item 7.2.8, p. 13. Pós-menopausa; previne fratura vertebral, não de quadril. Risco de tromboembolismo venoso (p. 11)."
estrogênios conjugados,"Dose individualizada (0,3 ou 0,625 mg), por via oral.",Osteoporose,M81,"PCDT Osteoporose 2025 (Port. Conjunta SAES/SECTICS 22/2025, item 7.2.8, p. 12-13)",validado,Fabiano Tonaco Borges,posologia_m81_v1_2026-09,"PCDT Osteoporose 2025, item 7.2.8, p. 13. Climatério com sintomas vasomotores; associar progestágeno se o útero estiver presente (p. 11)."
romosozumabe,"210 mg, por via subcutânea, 1 vez por mês, por até 12 meses; suplementar cálcio e vitamina D.",Osteoporose,M81,"PCDT Osteoporose 2025 (Port. Conjunta SAES/SECTICS 22/2025, item 7.2.8, p. 12-13)",validado,Fabiano Tonaco Borges,posologia_m81_v1_2026-09,"PCDT Osteoporose 2025, item 7.2.8, p. 13. Osteoporose grave ou falha terapêutica (ampliação de 2024, p. 11); via especializada. NÃO iniciar se houve infarto ou AVE no ano anterior (p. 11)."
calcitonina,"400 UI/dia, por via intranasal.",Osteoporose,M81,"PCDT Osteoporose 2025 (Port. Conjunta SAES/SECTICS 22/2025, item 7.2.8, p. 12-13)",validado,Fabiano Tonaco Borges,posologia_m81_v1_2026-09,"PCDT Osteoporose 2025, item 7.2.8, p. 12. INDICAÇÃO ESTRITA: apenas em osteonecrose de mandíbula ou fratura atípica por bisfosfonato, ou em contraindicação absoluta aos demais. Evitar uso prolongado."
calcitriol,"Tomar 0,25 mcg, 2 vezes ao dia, por via oral.",Osteoporose,M81,"PCDT Osteoporose 2025 (Port. Conjunta SAES/SECTICS 22/2025, item 7.2.8, p. 12-13)",validado,Fabiano Tonaco Borges,posologia_m81_v1_2026-09,"PCDT Osteoporose 2025, item 7.2.8, p. 12 (critérios na p. 10). INDICAÇÃO ESTRITA: insuficiência renal (DCE igual ou inferior a 30), osteomalácia hipofosfatêmica, deficiência de 1-alfa-hidroxilase, insuficiência hepática ou hipoparatireoidismo."
paracetamol,"Tomar 1 a 2 comprimidos de 500 mg, por via oral, 3 a 4 vezes ao dia. Não exceder 4.000 mg/dia.",Dor crônica,R52.2,"PCDT Dor Crônica 2024 (Port. Conjunta SAES/SAPS/SECTICS 1/2024, Quadro 2, p. 17-19)",validado,Fabiano Tonaco Borges,posologia_r52_v1_2026-09,"PCDT Dor Crônica 2024, Quadro 2, p. 17-19. Degrau 1. Crianças abaixo de 12 anos: 10 a 15 mg/kg de 4 em 4 ou de 6 em 6 horas; máximo de 75 mg/kg/dia."
dipirona,"Tomar 1 a 2 comprimidos de 500 mg, por via oral, até 4 vezes ao dia (ou 10 a 20 mL da solução).",Dor crônica,R52.2,"PCDT Dor Crônica 2024 (Port. Conjunta SAES/SAPS/SECTICS 1/2024, Quadro 2, p. 17-19)",validado,Fabiano Tonaco Borges,posologia_r52_v1_2026-09,"PCDT Dor Crônica 2024, Quadro 2, p. 17-19. A partir de 15 anos. Não usar abaixo de 3 meses ou 5 kg."
ácido acetilsalicílico,"Tomar 1 a 2 comprimidos de 500 mg, por via oral, repetindo se necessário a cada 4 a 8 horas, após as refeições. Máximo de 8 comprimidos por dia.",Dor crônica,R52.2,"PCDT Dor Crônica 2024 (Port. Conjunta SAES/SAPS/SECTICS 1/2024, Quadro 2, p. 17-19)",validado,Fabiano Tonaco Borges,posologia_r52_v1_2026-09,"PCDT Dor Crônica 2024, Quadro 2, p. 17-19. Crianças a partir de 12 anos: até 3 vezes ao dia."
ibuprofeno,"Tomar 200 a 600 mg, por via oral, 3 a 4 vezes ao dia. Não exceder 3.200 mg/dia.",Dor crônica,R52.2,"PCDT Dor Crônica 2024 (Port. Conjunta SAES/SAPS/SECTICS 1/2024, Quadro 2, p. 17-19)",validado,Fabiano Tonaco Borges,posologia_r52_v1_2026-09,"PCDT Dor Crônica 2024, Quadro 2, p. 17-19. Crianças a partir de 6 meses: 1 a 2 gotas/kg, 3 a 4 vezes ao dia (máximo de 160 gotas/dia)."
omeprazol,"Tomar 10 ou 20 mg, por via oral, antes do café da manhã.",Dor crônica,R52.2,"PCDT Dor Crônica 2024 (Port. Conjunta SAES/SAPS/SECTICS 1/2024, Quadro 2, p. 17-19)",validado,Fabiano Tonaco Borges,posologia_r52_v1_2026-09,"PCDT Dor Crônica 2024, Quadro 2, p. 17-19. Profilaxia de úlcera e esofagite durante o uso de anti-inflamatório."
gabapentina,"Tomar até 900 mg, por via oral, 3 vezes ao dia, com titulação conforme a resposta. Máximo de 3.600 mg/dia.",Dor crônica,R52.2,"PCDT Dor Crônica 2024 (Port. Conjunta SAES/SAPS/SECTICS 1/2024, Quadro 2, p. 17-19)",validado,Fabiano Tonaco Borges,posologia_r52_v1_2026-09,"PCDT Dor Crônica 2024, Quadro 2, p. 18. Adjuvante anticonvulsivante. Reduzir se a depuração for inferior a 79 mL/min; esquema de hemodiálise no Quadro 2. Mesma substância do elenco do G40, com esquema próprio."
carbamazepina,"Iniciar 200 a 400 mg/dia, por via oral, elevando gradualmente até 200 mg 3 a 4 vezes ao dia. Máximo de 1.200 mg/dia.",Dor crônica,R52.2,"PCDT Dor Crônica 2024 (Port. Conjunta SAES/SAPS/SECTICS 1/2024, Quadro 2, p. 17-19)",validado,Fabiano Tonaco Borges,posologia_r52_v1_2026-09,"PCDT Dor Crônica 2024, Quadro 2, p. 17-19. Neuralgia do trigêmeo. Idosos: iniciar 100 mg 2 vezes ao dia. Mesma substância do elenco do G40, com esquema próprio."
fenitoína,"Tomar 100 mg, por via oral, 3 vezes ao dia; manutenção usual de 300 a 400 mg/dia. Máximo de 600 mg/dia.",Dor crônica,R52.2,"PCDT Dor Crônica 2024 (Port. Conjunta SAES/SAPS/SECTICS 1/2024, Quadro 2, p. 17-19)",validado,Fabiano Tonaco Borges,posologia_r52_v1_2026-09,"PCDT Dor Crônica 2024, Quadro 2, p. 17-19. Ajustar por concentração sérica. Mesma substância do elenco do G40, com esquema próprio."
ácido valproico,"Tomar 250 a 750 mg/dia, por via oral; acima de 250 mg/dia, fracionar em até 3 doses. Máximo de 60 mg/kg/dia.",Dor crônica,R52.2,"PCDT Dor Crônica 2024 (Port. Conjunta SAES/SAPS/SECTICS 1/2024, Quadro 2, p. 17-19)",validado,Fabiano Tonaco Borges,posologia_r52_v1_2026-09,"PCDT Dor Crônica 2024, Quadro 2, p. 17-19. Idosos: iniciar mais baixo. Mesma substância do elenco do G40, com esquema próprio."
valproato de sódio,"Tomar 250 a 750 mg/dia, por via oral; acima de 250 mg/dia, fracionar em até 3 doses. Máximo de 60 mg/kg/dia.",Dor crônica,R52.2,"PCDT Dor Crônica 2024 (Port. Conjunta SAES/SAPS/SECTICS 1/2024, Quadro 2, p. 17-19)",validado,Fabiano Tonaco Borges,posologia_r52_v1_2026-09,"Row-alias de 'ácido valproico' (chave distinta: o canon_ativo resolve para 'valproato'). Mesmo esquema do Quadro 2, p. 17-19. O item 6.2.6 lista as duas grafias como itens separados. A RENAME 2024 lista apenas 'ácido valproico'."
amitriptilina,"Tomar 25 a 100 mg/dia, por via oral, preferencialmente ao dormir. Máximo de 150 mg/dia.",Dor crônica,R52.2,"PCDT Dor Crônica 2024 (Port. Conjunta SAES/SAPS/SECTICS 1/2024, Quadro 2, p. 17-19)",validado,Fabiano Tonaco Borges,posologia_r52_v1_2026-09,"PCDT Dor Crônica 2024, Quadro 2, p. 17-19. Antidepressivo tricíclico, PRIMEIRA LINHA na dor nociplástica (p. 15). Idosos: 10 a 50 mg/dia."
nortriptilina,"Tomar 25 mg, por via oral, 3 a 4 vezes ao dia. Máximo de 150 mg/dia.",Dor crônica,R52.2,"PCDT Dor Crônica 2024 (Port. Conjunta SAES/SAPS/SECTICS 1/2024, Quadro 2, p. 17-19)",validado,Fabiano Tonaco Borges,posologia_r52_v1_2026-09,"PCDT Dor Crônica 2024, Quadro 2, p. 17-19. Idosos: 30 a 50 mg/dia; manter a menor dose eficaz."
clomipramina,"Tomar 10 a 150 mg/dia, por via oral.",Dor crônica,R52.2,"PCDT Dor Crônica 2024 (Port. Conjunta SAES/SAPS/SECTICS 1/2024, Quadro 2, p. 17-19)",validado,Fabiano Tonaco Borges,posologia_r52_v1_2026-09,"PCDT Dor Crônica 2024, Quadro 2, p. 17-19. Idosos: iniciar 10 mg/dia, ideal de 30 a 50 mg/dia. Mesma substância do elenco do F41, com esquema próprio."
codeína,"Tomar 30 a 60 mg, por via oral, 3 a 4 vezes ao dia. Máximo de 360 mg/dia.",Dor crônica,R52.2,"PCDT Dor Crônica 2024 (Port. Conjunta SAES/SAPS/SECTICS 1/2024, Quadro 2, p. 17-19)",validado,Fabiano Tonaco Borges,posologia_r52_v1_2026-09,"PCDT Dor Crônica 2024, Quadro 2, p. 17-19. Idosos: iniciar 15 mg de 4 em 4 horas. TENSÃO REGISTRADA NA PRÓPRIA FONTE: o elenco 6.2.6 e o Quadro 2 trazem o fármaco com posologia e a seção oncológica o preconiza pela escada da OMS, mas a p. 14 lista a Portaria nº 59/2021 — não incorporação de opioides fracos para dor crônica — entre os não recomendados. Seguida a letra do Quadro 2. (O PCDT diverge de si sobre a DATA dessa portaria: p. 14 diz 20/07/2021, a referência da p. 30 diz 07/09/2021.)"
morfina,"Ação curta: iniciar 5 a 30 mg a cada 4 horas. Liberação prolongada: 30 a 100 mg a cada 12 horas, depois de estabelecida a dose ideal.",Dor crônica,R52.2,"PCDT Dor Crônica 2024 (Port. Conjunta SAES/SAPS/SECTICS 1/2024, Quadro 2, p. 17-19)",validado,Fabiano Tonaco Borges,posologia_r52_v1_2026-09,"PCDT Dor Crônica 2024, Quadro 2, p. 17-19. Sem dose máxima fixa — é titulação; a maioria fica em torno de 180 mg/dia. Mesma tensão registrada na row da codeína."
metadona,"Tomar 2,5 a 10 mg, por via oral, a cada 6, 8 ou 12 horas. Máximo de 40 mg/dia.",Dor crônica,R52.2,"PCDT Dor Crônica 2024 (Port. Conjunta SAES/SAPS/SECTICS 1/2024, Quadro 2, p. 17-19)",validado,Fabiano Tonaco Borges,posologia_r52_v1_2026-09,"PCDT Dor Crônica 2024, Quadro 2, p. 17-19. A rotação morfina:metadona (1:5 a 1:12) só deve ser feita por profissionais experientes (p. 16). Mesma tensão registrada na row da codeína."
benzilpenicilina benzatina,"2,4 milhões UI, por via intramuscular, em dose única (1,2 milhão UI em cada glúteo).",Sífilis precoce,A51,PCDT IST 2021 (Port. SCTIE/MS 12/2021),validado,Fabiano Tonaco Borges,posologia_ist_v1_2026-09,"PCDT IST 2021, Quadro 15, p. 23. Sífilis recente: primária, secundária e latente recente (até 1 ano de evolução). ATENÇÃO: dose distinta da profilaxia da doença falciforme (D57), que é por peso — mesma substância, protocolos diferentes."
doxiciclina,"100 mg, por via oral, 2 vezes ao dia, por 15 dias.",Sífilis precoce,A51,PCDT IST 2021 (Port. SCTIE/MS 12/2021),validado,Fabiano Tonaco Borges,posologia_ist_v1_2026-09,"PCDT IST 2021, Quadro 15, p. 23. Alternativa à benzilpenicilina benzatina. CONTRAINDICADA em gestantes e lactantes."
benzilpenicilina benzatina,"2,4 milhões UI, por via intramuscular, 1 vez por semana, por 3 semanas (dose total de 7,2 milhões UI).",Sífilis tardia,A52,PCDT IST 2021 (Port. SCTIE/MS 12/2021),validado,Fabiano Tonaco Borges,posologia_ist_v1_2026-09,"PCDT IST 2021, Quadro 15, p. 23. Sífilis tardia: latente tardia, de duração ignorada, e terciária."
doxiciclina,"100 mg, por via oral, 2 vezes ao dia, por 30 dias.",Sífilis tardia,A52,PCDT IST 2021 (Port. SCTIE/MS 12/2021),validado,Fabiano Tonaco Borges,posologia_ist_v1_2026-09,"PCDT IST 2021, Quadro 15, p. 23. Alternativa. CONTRAINDICADA em gestantes e lactantes."
ceftriaxona,"500 mg, por via intramuscular, em dose única, ASSOCIADA a azitromicina 500 mg, 2 comprimidos, por via oral, em dose única.",Gonorreia,A54,PCDT IST 2021 (Port. SCTIE/MS 12/2021),validado,Fabiano Tonaco Borges,posologia_ist_v1_2026-09,"PCDT IST 2021, Quadro 31, p. 60. Infecção gonocócica não complicada (uretra, colo do útero, reto e faringe). TERAPIA DUPLA: o protocolo prescreve as duas juntas. Na infecção disseminada, ceftriaxona 1 g IM ou IV ao dia por pelo menos 7 dias; na conjuntivite gonocócica do adulto, 1 g IM em dose única."
azitromicina,"500 mg, 2 comprimidos, por via oral, em dose única, ASSOCIADA a ceftriaxona 500 mg por via intramuscular em dose única.",Gonorreia,A54,PCDT IST 2021 (Port. SCTIE/MS 12/2021),validado,Fabiano Tonaco Borges,posologia_ist_v1_2026-09,"PCDT IST 2021, Quadro 31, p. 60. TERAPIA DUPLA — não usar isolada na gonorreia."
doxiciclina,"100 mg, 1 comprimido, por via oral, 2 vezes ao dia, por 21 dias.",Linfogranuloma venéreo (LGV),A55,PCDT IST 2021 (Port. SCTIE/MS 12/2021),validado,Fabiano Tonaco Borges,posologia_ist_v1_2026-09,"PCDT IST 2021, Quadro 39, p. 72. Primeira opção no linfogranuloma venéreo. Pode ser necessário prolongar até a resolução dos sintomas. CONTRAINDICADA em gestantes e lactantes."
azitromicina,"500 mg, 2 comprimidos, por via oral, 1 vez por semana, por 21 dias.",Linfogranuloma venéreo (LGV),A55,PCDT IST 2021 (Port. SCTIE/MS 12/2021),validado,Fabiano Tonaco Borges,posologia_ist_v1_2026-09,"PCDT IST 2021, Quadro 39, p. 72. Alternativa, PREFERENCIAL NAS GESTANTES."
azitromicina,"500 mg, 2 comprimidos, por via oral, em dose única.",Clamidiose,A56,PCDT IST 2021 (Port. SCTIE/MS 12/2021),validado,Fabiano Tonaco Borges,posologia_ist_v1_2026-09,"PCDT IST 2021, Quadro 31, p. 60. Infecção por clamídia."
doxiciclina,"100 mg, por via oral, 2 vezes ao dia, por 7 dias.",Clamidiose,A56,PCDT IST 2021 (Port. SCTIE/MS 12/2021),validado,Fabiano Tonaco Borges,posologia_ist_v1_2026-09,"PCDT IST 2021, Quadro 31, p. 60. CONTRAINDICADA em gestantes."
azitromicina,"500 mg, 2 comprimidos, por via oral, em dose única.",Cancro mole,A57,PCDT IST 2021 (Port. SCTIE/MS 12/2021),validado,Fabiano Tonaco Borges,posologia_ist_v1_2026-09,"PCDT IST 2021, Quadro 39, p. 72. Primeira opção no cancroide. O tratamento sistêmico deve ser acompanhado de medidas locais de higiene; as parcerias sexuais são tratadas mesmo quando assintomáticas."
ceftriaxona,"250 mg, por via intramuscular, em dose única.",Cancro mole,A57,PCDT IST 2021 (Port. SCTIE/MS 12/2021),validado,Fabiano Tonaco Borges,posologia_ist_v1_2026-09,"PCDT IST 2021, Quadro 39, p. 72. Alternativa."
ciprofloxacino,"500 mg, 1 comprimido, por via oral, 2 vezes ao dia, por 3 dias.",Cancro mole,A57,PCDT IST 2021 (Port. SCTIE/MS 12/2021),validado,Fabiano Tonaco Borges,posologia_ist_v1_2026-09,"PCDT IST 2021, Quadro 39, p. 72. Alternativa. CONTRAINDICADO em gestantes, lactantes e crianças. Mesma substância do elenco do N39.0 (ITU), com esquema próprio."
azitromicina,"500 mg, 2 comprimidos, por via oral, 1 vez por semana, por pelo menos 3 semanas ou até a cicatrização das lesões.",Donovanose (granuloma inguinal),A58,PCDT IST 2021 (Port. SCTIE/MS 12/2021),validado,Fabiano Tonaco Borges,posologia_ist_v1_2026-09,"PCDT IST 2021, Quadro 39, p. 72. Primeira opção na donovanose (granuloma inguinal)."
doxiciclina,"100 mg, 1 comprimido, por via oral, 2 vezes ao dia, por pelo menos 21 dias ou até o desaparecimento completo das lesões.",Donovanose (granuloma inguinal),A58,PCDT IST 2021 (Port. SCTIE/MS 12/2021),validado,Fabiano Tonaco Borges,posologia_ist_v1_2026-09,"PCDT IST 2021, Quadro 39, p. 72. Alternativa. CONTRAINDICADA em gestantes e lactantes."
ciprofloxacino,"500 mg, 1 comprimido e meio, por via oral, 2 vezes ao dia (dose total de 750 mg), por pelo menos 21 dias ou até a cicatrização das lesões.",Donovanose (granuloma inguinal),A58,PCDT IST 2021 (Port. SCTIE/MS 12/2021),validado,Fabiano Tonaco Borges,posologia_ist_v1_2026-09,"PCDT IST 2021, Quadro 39, p. 72. Alternativa. Sem resposta nos primeiros dias, o protocolo recomenda adicionar gentamicina 1 mg/kg/dia EV. CONTRAINDICADO em gestantes, lactantes e crianças."
sulfametoxazol + trimetoprima,"400/80 mg, 2 comprimidos, por via oral, 2 vezes ao dia, por no mínimo 3 semanas ou até a cicatrização das lesões.",Donovanose (granuloma inguinal),A58,PCDT IST 2021 (Port. SCTIE/MS 12/2021),validado,Fabiano Tonaco Borges,posologia_ist_v1_2026-09,"PCDT IST 2021, Quadro 39, p. 72. Alternativa."
metronidazol,"400 mg, 5 comprimidos, por via oral, em dose única (dose total de 2 g); OU 250 mg, 2 comprimidos, por via oral, 2 vezes ao dia, por 7 dias.",Tricomoníase,A59,PCDT IST 2021 (Port. SCTIE/MS 12/2021),validado,Fabiano Tonaco Borges,posologia_ist_v1_2026-09,"PCDT IST 2021, Quadro 35, p. 61. Primeira opção, incluindo gestantes e lactantes. As parcerias sexuais devem ser tratadas com o mesmo esquema. Evitar álcool durante o tratamento (efeito antabuse)."
aciclovir,"Primeiro episódio: 200 mg, 2 comprimidos, por via oral, 3 vezes ao dia, por 7 a 10 dias. Recidiva: 200 mg, 2 comprimidos, 3 vezes ao dia, por 5 dias. Supressão (6 ou mais episódios por ano): 200 mg, 2 comprimidos, 2 vezes ao dia, por até 6 meses, podendo estender-se a 2 anos.",Herpes genital,A60,PCDT IST 2021 (Port. SCTIE/MS 12/2021),validado,Fabiano Tonaco Borges,posologia_ist_v1_2026-09,"PCDT IST 2021, Quadro 38, p. 71. Os três cenários são do mesmo fármaco e o protocolo os apresenta juntos."
miconazol,"Creme a 2%, via vaginal, um aplicador cheio à noite ao deitar-se, por 7 dias.",Candidíase vulvovaginal,B37.3,PCDT IST 2021 (Port. SCTIE/MS 12/2021),validado,Fabiano Tonaco Borges,posologia_ist_v1_2026-09,"PCDT IST 2021, Quadro 33, p. 60. Primeira opção (ou outros derivados imidazólicos). Em gestantes e lactantes, SOMENTE via vaginal — o tratamento oral está contraindicado."
nistatina,"100.000 UI, uma aplicação por via vaginal, à noite ao deitar-se, por 14 dias.",Candidíase vulvovaginal,B37.3,PCDT IST 2021 (Port. SCTIE/MS 12/2021),validado,Fabiano Tonaco Borges,posologia_ist_v1_2026-09,"PCDT IST 2021, Quadro 33, p. 60. Primeira opção."
fluconazol,"150 mg, por via oral, em dose única.",Candidíase vulvovaginal,B37.3,PCDT IST 2021 (Port. SCTIE/MS 12/2021),validado,Fabiano Tonaco Borges,posologia_ist_v1_2026-09,"PCDT IST 2021, Quadro 33, p. 60. Segunda opção. Na forma complicada ou recorrente: indução nos dias 1, 4 e 7 e manutenção 1 vez por semana por 6 meses. CONTRAINDICADO em gestantes e lactantes (via oral)."
itraconazol,"100 mg, 2 comprimidos, por via oral, 2 vezes ao dia, por 1 dia.",Candidíase vulvovaginal,B37.3,PCDT IST 2021 (Port. SCTIE/MS 12/2021),validado,Fabiano Tonaco Borges,posologia_ist_v1_2026-09,"PCDT IST 2021, Quadro 33, p. 60. Segunda opção. CONTRAINDICADO em gestantes e lactantes (via oral)."
ceftriaxona,"500 mg, por via intramuscular, em dose única, no esquema AMBULATORIAL, associada a doxiciclina e metronidazol.",Doença inflamatória pélvica (DIP),N73,PCDT IST 2021 (Port. SCTIE/MS 12/2021),validado,Fabiano Tonaco Borges,posologia_ist_v1_2026-09,"PCDT IST 2021, Quadro 44, p. 77. Primeira opção do tratamento ambulatorial da doença inflamatória pélvica. O tratamento hospitalar (Quadro 43, p. 77) está documentado no protocolo e não gera row."
doxiciclina,"100 mg, por via oral, 2 vezes ao dia, por 14 dias, no esquema ambulatorial.",Doença inflamatória pélvica (DIP),N73,PCDT IST 2021 (Port. SCTIE/MS 12/2021),validado,Fabiano Tonaco Borges,posologia_ist_v1_2026-09,"PCDT IST 2021, Quadro 44, p. 77. CONTRAINDICADA em gestantes e lactantes."
metronidazol,"500 mg, por via oral, 2 vezes ao dia, por 14 dias, no esquema ambulatorial.",Doença inflamatória pélvica (DIP),N73,PCDT IST 2021 (Port. SCTIE/MS 12/2021),validado,Fabiano Tonaco Borges,posologia_ist_v1_2026-09,"PCDT IST 2021, Quadro 44, p. 77. Terceiro esquema desta substância dentro do MESMO PCDT (A59, N76.0 e N73) — o retrato de por que a chave é composta (ativo, CID)."
cefotaxima,"500 mg, por via intramuscular, em dose única, como alternativa à ceftriaxona no esquema ambulatorial.",Doença inflamatória pélvica (DIP),N73,PCDT IST 2021 (Port. SCTIE/MS 12/2021),validado,Fabiano Tonaco Borges,posologia_ist_v1_2026-09,"PCDT IST 2021, Quadro 44, p. 77."
metronidazol,"250 mg, 2 comprimidos, por via oral, 2 vezes ao dia, por 7 dias.",Vaginose bacteriana,N76.0,PCDT IST 2021 (Port. SCTIE/MS 12/2021),validado,Fabiano Tonaco Borges,posologia_ist_v1_2026-09,"PCDT IST 2021, Quadro 34, p. 61. VAGINOSE BACTERIANA (a CID-10 não tem código próprio; N76.0 é 'Vaginite aguda'). Primeira opção, incluindo gestantes e lactantes. Alternativa tópica: gel vaginal 100 mg/g, um aplicador à noite, por 5 dias. Na forma recorrente, 10 a 14 dias."
clindamicina,"300 mg, por via oral, 2 vezes ao dia, por 7 dias.",Vaginose bacteriana,N76.0,PCDT IST 2021 (Port. SCTIE/MS 12/2021),validado,Fabiano Tonaco Borges,posologia_ist_v1_2026-09,"PCDT IST 2021, Quadro 34, p. 61. Segunda opção. O tratamento das parcerias sexuais NÃO está recomendado."
naproxeno,"Tomar 250 mg, por via oral, 1 a 2 vezes ao dia, ou 500 mg 1 vez ao dia. Não exceder 500 mg/dia.",Artrose do quadril (coxartrose),M16,"PCDT Dor Crônica 2024 (Port. Conjunta SAES/SAPS/SECTICS 1/2024, Quadro 2, p. 17-19)",validado,Fabiano Tonaco Borges,posologia_r52_v1_2026-09,"PCDT Dor Crônica 2024, Quadro 2, p. 17-19, com escopo declarado na p. 14: o naproxeno é da osteoartrite de quadril e joelho (Portaria SCTIE 53/2017), NÃO da dor crônica em geral — por isso a row é de M16/M17 e não de R52.2. Idosos: doses menores. M16 e M17 NÃO são declarados exaustivos: este PCDT não traz o elenco da osteoartrite, e declará-los faria o semáforo julgar o que a fonte não afirma."
naproxeno,"Tomar 250 mg, por via oral, 1 a 2 vezes ao dia, ou 500 mg 1 vez ao dia. Não exceder 500 mg/dia.",Gonartrose [artrose do joelho],M17,"PCDT Dor Crônica 2024 (Port. Conjunta SAES/SAPS/SECTICS 1/2024, Quadro 2, p. 17-19)",validado,Fabiano Tonaco Borges,posologia_r52_v1_2026-09,"PCDT Dor Crônica 2024, Quadro 2, p. 17-19, com escopo declarado na p. 14: o naproxeno é da osteoartrite de quadril e joelho (Portaria SCTIE 53/2017), NÃO da dor crônica em geral — por isso a row é de M16/M17 e não de R52.2. Idosos: doses menores. M16 e M17 NÃO são declarados exaustivos: este PCDT não traz o elenco da osteoartrite, e declará-los faria o semáforo julgar o que a fonte não afirma."
